TOTAL, LINE, TARGET, SECTION, SUBSECTION,HEIGHT, INPUT, OUTPUT
1,1,README,QUICK-START,HEADER,N/A,"// !=== QUICK-START",""
2,2,README,README,HEADER,N/A,"// !=== README",""
3,3,README,README,DIRECT,N/A,"// # Google Apps Script Cheat Sheet #","# Google Apps Script Cheat Sheet #"
4,4,README,README,FOOTER,N/A,"// ===!",""
5,5,README,QUICK-START,HEADER,N/A,"// !=== QUICK-START",""
6,6,README,QUICK-START,DIRECT,N/A,"// function test() {}",""
7,7,README,QUICK-START,DIRECT,N/A,"// Logger.log('Start');",""
8,8,README,QUICK-START,FOOTER,N/A,"// ===!",""
9,9,README,NAV,HEADER,N/A,"// !=== NAV",""
10,10,README,NAV,LINK,#,"// |*| # General","
[General](#general-1)
====="
11,11,README,NAV,LINK,-,"// |*| - Array","* [Array](#array)"
12,12,README,NAV,LINK,--,"// |*| -- Check Array for a Value","  * [Check Array for a Value](#check-array-for-a-value)"
13,13,README,NAV,LINK,--,"// |*| -- Remove Duplicates from Array","  * [Remove Duplicates from Array](#remove-duplicates-from-array)"
14,14,README,NAV,LINK,--,"// |*| -- Remove Empty Elements from Array","  * [Remove Empty Elements from Array](#remove-empty-elements-from-array)"
15,15,README,NAV,LINK,--,"// |*| -- Count of Values in Array","  * [Count of Values in Array](#count-of-values-in-array)"
16,16,README,NAV,LINK,--,"// |*| -- Intersect of Two Arrays","  * [Intersect of Two Arrays](#intersect-of-two-arrays)"
17,17,README,NAV,LINK,--,"// |*| -- Compare Two Arrays","  * [Compare Two Arrays](#compare-two-arrays)"
18,18,README,NAV,LINK,--,"// |*| -- Array as Delimited String","  * [Array as Delimited String](#array-as-delimited-string)"
19,19,README,NAV,LINK,--,"// |*| -- Array as Modified Delimited String","  * [Array as Modified Delimited String](#array-as-modified-delimited-string)"
20,20,README,NAV,LINK,-,"// |*| - Two Dimensional Array","* [Two Dimensional Array](#two-dimensional-array)"
21,21,README,NAV,LINK,--,"// |*| -- Flatten Two Dimensional Array","  * [Flatten Two Dimensional Array](#flatten-two-dimensional-array)"
22,22,README,NAV,LINK,-,"// | | - Array of Objects","* [Array of Objects](#array-of-objects)"
23,23,README,NAV,LINK,--,"// | | -- Sort Array of Objects by Property or Properties","  * [Sort Array of Objects by Property or Properties](#sort-array-of-objects-by-property-or-properties)"
24,24,README,NAV,LINK,--,"// | | -- Find Object in Array of Objects","  * [Find Object in Array of Objects](#find-object-in-array-of-objects)"
25,25,README,NAV,LINK,--,"// | | -- Find First or Last Object in Array of Objects by Timestamp","  * [Find First or Last Object in Array of Objects by Timestamp](#find-first-or-last-object-in-array-of-objects-by-timestamp)"
26,26,README,NAV,LINK,--,"// | | -- Filter Array of Objects by Value or Values","  * [Filter Array of Objects by Value or Values](#filter-array-of-objects-by-value-or-values)"
27,27,README,NAV,LINK,--,"// | | -- Unify Properties for Objects in Array of Objects","  * [Unify Properties for Objects in Array of Objects](#unify-properties-for-objects-in-array-of-objects)"
28,28,README,NAV,LINK,-,"// | | - Object","* [Object](#object)"
29,29,README,NAV,LINK,--,"// | | -- Array of Object Values","  * [Array of Object Values](#array-of-object-values)"
30,30,README,NAV,LINK,--,"// | | -- Merge Objects","  * [Merge Objects](#merge-objects)"
31,31,README,NAV,LINK,--,"// | | -- Check for Valid Object","  * [Check for Valid Object](#check-for-valid-object)"
32,32,README,NAV,LINK,-,"// | | - Dates and Times","* [Dates and Times](#dates-and-times)"
33,33,README,NAV,LINK,--,"// | | -- Formatted Date Time","  * [Formatted Date Time](#formatted-date-time)"
34,34,README,NAV,LINK,--,"// | | -- Append Date Time","  * [Append Date Time](#append-date-time)"
35,35,README,NAV,LINK,--,"// | | -- Date Object from String","  * [Date Object from String](#date-object-from-string)"
36,36,README,NAV,LINK,--,"// | | -- Match a Date to a Date Range","  * [Match a Date to a Date Range](#match-a-date-to-a-date-range)"
37,37,README,NAV,LINK,-,"// | | - String","* [String](#string)"
38,38,README,NAV,LINK,--,"// | | -- Check String for Substring","  * [Check String for Substring](#check-string-for-substring)"
39,39,README,NAV,LINK,--,"// | | -- Convert String to Snake Case","  * [Convert String to Snake Case](#convert-string-to-snake-case)"
40,40,README,NAV,LINK,N/A,"// | | Drive",""
41,41,README,NAV,LINK,-,"// | | - Utility Functions for Drive","* [Utility Functions for Drive](#utility-functions-for-drive)"
42,42,README,NAV,LINK,--,"// | | -- Validate Path String","  * [Validate Path String](#validate-path-string)"
43,43,README,NAV,LINK,--,"// | | -- Get Basename or Inverse Basename","  * [Get Basename or Inverse Basename](#get-basename-or-inverse-basename)"
44,44,README,NAV,LINK,--,"// | | -- Validate MIME Type","  * [Validate MIME Type](#validate-mime-type)"
45,45,README,NAV,LINK,--,"// | | -- Match MIME Type ","  * [Match MIME Type ](#match-mime-type-)"
46,46,README,NAV,LINK,-,"// | | - Folders","* [Folders](#folders)"
47,47,README,NAV,LINK,--,"// | | -- Array of Folders","  * [Array of Folders](#array-of-folders)"
48,48,README,NAV,LINK,---,"// | | --- Array of Folders at Root","   * [Array of Folders at Root](#array-of-folders-at-root)"
49,49,README,NAV,LINK,---,"// | | --- Array of Folders in Folder","   * [Array of Folders in Folder](#array-of-folders-in-folder)"
50,50,README,NAV,LINK,---,"// | | --- Array of Folders at Path","   * [Array of Folders at Path](#array-of-folders-at-path)"
51,51,README,NAV,LINK,---,"// | | --- Array of Folders in Drive","   * [Array of Folders in Drive](#array-of-folders-in-drive)"
52,52,README,NAV,LINK,--,"// | | -- Array of Folder Names","  * [Array of Folder Names](#array-of-folder-names)"
53,53,README,NAV,LINK,--,"// | | -- Find a Folder","  * [Find a Folder](#find-a-folder)"
54,54,README,NAV,LINK,---,"// | | --- Find Folder at Root","   * [Find Folder at Root](#find-folder-at-root)"
55,55,README,NAV,LINK,---,"// | | --- Find Folder in Folder","   * [Find Folder in Folder](#find-folder-in-folder)"
56,56,README,NAV,LINK,---,"// | | --- Find Folder at Path","   * [Find Folder at Path](#find-folder-at-path)"
57,57,README,NAV,LINK,---,"// | | --- Find Folder in Drive","   * [Find Folder in Drive](#find-folder-in-drive)"
58,58,README,NAV,LINK,--,"// | | -- Check for a Folder","  * [Check for a Folder](#check-for-a-folder)"
59,59,README,NAV,LINK,---,"// | | --- Check for Folder at Root","   * [Check for Folder at Root](#check-for-folder-at-root)"
60,60,README,NAV,LINK,---,"// | | --- Check for Folder in Folder","   * [Check for Folder in Folder](#check-for-folder-in-folder)"
61,61,README,NAV,LINK,---,"// | | --- Check for Folder at Path","   * [Check for Folder at Path](#check-for-folder-at-path)"
62,62,README,NAV,LINK,--,"// | | -- Create a Folder","  * [Create a Folder](#create-a-folder)"
63,63,README,NAV,LINK,---,"// | | --- Create Folder at Root","   * [Create Folder at Root](#create-folder-at-root)"
64,64,README,NAV,LINK,---,"// | | --- Create Folder in Folder","   * [Create Folder in Folder](#create-folder-in-folder)"
65,65,README,NAV,LINK,---,"// | | --- Create Folder at Path","   * [Create Folder at Path](#create-folder-at-path)"
66,66,README,NAV,LINK,--,"// | | -- Create Folders","  * [Create Folders](#create-folders)"
67,67,README,NAV,LINK,---,"// | | --- Create Folders at Root","   * [Create Folders at Root](#create-folders-at-root)"
68,68,README,NAV,LINK,---,"// | | --- Create Folders in Folder","   * [Create Folders in Folder](#create-folders-in-folder)"
69,69,README,NAV,LINK,---,"// | | --- Create Folders at Path","   * [Create Folders at Path](#create-folders-at-path)"
70,70,README,NAV,LINK,--,"// | | -- Verify Folder","  * [Verify Folder](#verify-folder)"
71,71,README,NAV,LINK,---,"// | | --- Verify Folder at Root","   * [Verify Folder at Root](#verify-folder-at-root)"
72,72,README,NAV,LINK,---,"// | | --- Verify Folder in a Folder","   * [Verify Folder in a Folder](#verify-folder-in-a-folder)"
73,73,README,NAV,LINK,---,"// | | --- Verify Folder Path","   * [Verify Folder Path](#verify-folder-path)"
74,74,README,NAV,LINK,--,"// | | -- Verify Folders","  * [Verify Folders](#verify-folders)"
75,75,README,NAV,LINK,---,"// | | --- Verify Folders in a Folder","   * [Verify Folders in a Folder](#verify-folders-in-a-folder)"
76,76,README,NAV,LINK,---,"// | | --- Verify Folders at Root","   * [Verify Folders at Root](#verify-folders-at-root)"
77,77,README,NAV,LINK,-,"// | | - Files","* [Files](#files)"
78,78,README,NAV,LINK,--,"// | | -- Array of Files","  * [Array of Files](#array-of-files)"
79,79,README,NAV,LINK,---,"// | | --- Array of Files at Root","   * [Array of Files at Root](#array-of-files-at-root)"
80,80,README,NAV,LINK,---,"// | | --- Array of Files in Folder","   * [Array of Files in Folder](#array-of-files-in-folder)"
81,81,README,NAV,LINK,---,"// | | --- Array of Files at Path","   * [Array of Files at Path](#array-of-files-at-path)"
82,82,README,NAV,LINK,---,"// | | --- Array of All Files in Drive","   * [Array of All Files in Drive](#array-of-all-files-in-drive)"
83,83,README,NAV,LINK,--,"// | | -- Array of File Names","  * [Array of File Names](#array-of-file-names)"
84,84,README,NAV,LINK,--,"// | | -- Find a File","  * [Find a File](#find-a-file)"
85,85,README,NAV,LINK,---,"// | | --- Find a File at Root","   * [Find a File at Root](#find-a-file-at-root)"
86,86,README,NAV,LINK,---,"// | | --- Find a File in a Folder","   * [Find a File in a Folder](#find-a-file-in-a-folder)"
87,87,README,NAV,LINK,---,"// | | --- Find File at Path","   * [Find File at Path](#find-file-at-path)"
88,88,README,NAV,LINK,---,"// | | --- Find a File in Drive","   * [Find a File in Drive](#find-a-file-in-drive)"
89,89,README,NAV,LINK,--,"// | | -- Check for a File","  * [Check for a File](#check-for-a-file)"
90,90,README,NAV,LINK,---,"// | | --- Check for a File at Root","   * [Check for a File at Root](#check-for-a-file-at-root)"
91,91,README,NAV,LINK,---,"// | | --- Check for a File in a Folder","   * [Check for a File in a Folder](#check-for-a-file-in-a-folder)"
92,92,README,NAV,LINK,---,"// | | --- Check for a File at Path","   * [Check for a File at Path](#check-for-a-file-at-path)"
93,93,README,NAV,LINK,--,"// | | -- Create a File","  * [Create a File](#create-a-file)"
94,94,README,NAV,LINK,---,"// | | --- Create File at Root","   * [Create File at Root](#create-file-at-root)"
95,95,README,NAV,LINK,---,"// | | --- Create File in a Folder","   * [Create File in a Folder](#create-file-in-a-folder)"
96,96,README,NAV,LINK,---,"// | | --- Create File at Path","   * [Create File at Path](#create-file-at-path)"
97,97,README,NAV,LINK,--,"// | | -- Verify File","  * [Verify File](#verify-file)"
98,98,README,NAV,LINK,---,"// | | --- Verify File at Root","   * [Verify File at Root](#verify-file-at-root)"
99,99,README,NAV,LINK,---,"// | | --- Verify File in Folder","   * [Verify File in Folder](#verify-file-in-folder)"
100,100,README,NAV,LINK,---,"// | | --- Verify File at Path","   * [Verify File at Path](#verify-file-at-path)"
101,101,README,NAV,LINK,--,"// | | -- Id of Active File","  * [Id of Active File](#id-of-active-file)"
102,102,README,NAV,LINK,--,"// | | -- Open File as MIME Type","  * [Open File as MIME Type](#open-file-as-mime-type)"
103,103,README,NAV,LINK,--,"// | | -- Copy a File to a Folder","  * [Copy a File to a Folder](#copy-a-file-to-a-folder)"
104,104,README,NAV,LINK,--,"// | | -- Move a File to a Folder","  * [Move a File to a Folder](#move-a-file-to-a-folder)"
105,105,README,NAV,LINK,-,"// | | - Files and Folders","* [Files and Folders](#files-and-folders)"
106,106,README,NAV,LINK,--,"// | | -- Rename a File or Folder","  * [Rename a File or Folder](#rename-a-file-or-folder)"
107,107,README,NAV,LINK,--,"// | | -- Parent Folder of a File or Folder","  * [Parent Folder of a File or Folder](#parent-folder-of-a-file-or-folder)"
108,108,README,NAV,LINK,--,"// | | -- Zip All Files in a Folder","  * [Zip All Files in a Folder](#zip-all-files-in-a-folder)"
109,109,README,NAV,LINK,N/A,"// | | Sheets",""
110,110,README,NAV,LINK,-,"// | | - Utility Functions for Sheets","* [Utility Functions for Sheets](#utility-functions-for-sheets)"
111,111,README,NAV,LINK,--,"// | | -- Convert Column Number to a Letter","  * [Convert Column Number to a Letter](#convert-column-number-to-a-letter)"
112,112,README,NAV,LINK,--,"// | | -- Convert Column Letter to a Number","  * [Convert Column Letter to a Number](#convert-column-letter-to-a-number)"
113,113,README,NAV,LINK,--,"// | | -- Replicating Import Range","  * [Replicating Import Range](#replicating-import-range)"
114,114,README,NAV,LINK,--,"// | | -- Array of Sheet Names","  * [Array of Sheet Names](#array-of-sheet-names)"
115,115,README,NAV,LINK,-,"// | | - A1 Notation","* [A1 Notation](#a1-notation)"
116,116,README,NAV,LINK,--,"// | | -- A1 Object","  * [A1 Object](#a1-object)"
117,117,README,NAV,LINK,--,"// | | -- Validate A1","  * [Validate A1](#validate-a1)"
118,118,README,NAV,LINK,-,"// | | - Object","* [Object](#object)"
119,119,README,NAV,LINK,--,"// | | -- Object for Range ","  * [Object for Range ](#object-for-range-)"
120,120,README,NAV,LINK,-,"// | | - Array of Objects","* [Array of Objects](#array-of-objects)"
121,121,README,NAV,LINK,--,"// | | -- Header Range","  * [Header Range](#header-range)"
122,122,README,NAV,LINK,--,"// | | -- Value Range","  * [Value Range](#value-range)"
123,123,README,NAV,LINK,--,"// | | -- Header Values","  * [Header Values](#header-values)"
124,124,README,NAV,LINK,--,"// | | -- Array of Objects for Range","  * [Array of Objects for Range](#array-of-objects-for-range)"
125,125,README,NAV,LINK,--,"// | | -- Array of Objects for Sheet","  * [Array of Objects for Sheet](#array-of-objects-for-sheet)"
126,126,README,NAV,LINK,--,"// | | -- Array of Objects for A1 Notation","  * [Array of Objects for A1 Notation](#array-of-objects-for-a1-notation)"
127,127,README,NAV,LINK,-,"// | | - Array ","* [Array ](#array-)"
128,128,README,NAV,LINK,--,"// | | -- Array of Values for Column","  * [Array of Values for Column](#array-of-values-for-column)"
129,129,README,NAV,LINK,---,"// | | --- For Header Value","   * [For Header Value](#for-header-value)"
130,130,README,NAV,LINK,---,"// | | --- For Column Number","   * [For Column Number](#for-column-number)"
131,131,README,NAV,LINK,---,"// | | --- For Range Object ","   * [For Range Object ](#for-range-object-)"
132,132,README,NAV,LINK,N/A,"// | | Docs",""
133,133,README,NAV,LINK,-,"// | | - Utility Functions for Docs","* [Utility Functions for Docs](#utility-functions-for-docs)"
134,134,README,NAV,LINK,--,"// | | -- Access Document Body","  * [Access Document Body](#access-document-body)"
135,135,README,NAV,LINK,--,"// | | -- Clear Document Body","  * [Clear Document Body](#clear-document-body)"
136,136,README,NAV,LINK,N/A,"// | | Merges",""
137,137,README,NAV,LINK,-,"// | | - Sheets and Docs","* [Sheets and Docs](#sheets-and-docs)"
138,138,README,NAV,LINK,--,"// | | -- String From Object Properties ","  * [String From Object Properties ](#string-from-object-properties-)"
139,139,README,NAV,LINK,--,"// | | -- Replace Object Properties ","  * [Replace Object Properties ](#replace-object-properties-)"
140,140,README,NAV,LINK,---,"// | | --- Replace Object Properties in Document","   * [Replace Object Properties in Document](#replace-object-properties-in-document)"
141,141,README,NAV,LINK,---,"// | | --- Replace Object Properties in Spreadsheet","   * [Replace Object Properties in Spreadsheet](#replace-object-properties-in-spreadsheet)"
142,142,README,NAV,LINK,---,"// | | --- Replace Object Properties in Sheet","   * [Replace Object Properties in Sheet](#replace-object-properties-in-sheet)"
143,143,README,NAV,LINK,--,"// | | -- Copy Template for Item in Array of Objects and Replace Object Properties","  * [Copy Template for Item in Array of Objects and Replace Object Properties](#copy-template-for-item-in-array-of-objects-and-replace-object-properties)"
144,144,README,NAV,LINK,---,"// | | --- Copy Document Template and Replace Object Properties","   * [Copy Document Template and Replace Object Properties](#copy-document-template-and-replace-object-properties)"
145,145,README,NAV,LINK,---,"// | | --- Copy Spreadsheet Template and Replace Object Properties","   * [Copy Spreadsheet Template and Replace Object Properties](#copy-spreadsheet-template-and-replace-object-properties)"
146,146,README,NAV,LINK,--,"// | | -- Cell Shading","  * [Cell Shading](#cell-shading)"
147,147,README,NAV,LINK,---,"// | | --- Index Object Properties","   * [Index Object Properties](#index-object-properties)"
148,148,README,NAV,LINK,--,"// | | -- Create Bulleted List in Document for Array of Objects","  * [Create Bulleted List in Document for Array of Objects](#create-bulleted-list-in-document-for-array-of-objects)"
149,149,README,NAV,LINK,---,"// | | --- Single Division List","   * [Single Division List](#single-division-list)"
150,150,README,NAV,LINK,---,"// | | --- Multi Division List","   * [Multi Division List](#multi-division-list)"
151,151,README,NAV,LINK,-,"// | | - Gmail","* [Gmail](#gmail)"
152,152,README,NAV,LINK,--,"// | | -- Mail Merge","  * [Mail Merge](#mail-merge)"
153,153,README,NAV,LINK,---,"// | | --- Append Body Property for Object in Array of Objects ","   * [Append Body Property for Object in Array of Objects ](#append-body-property-for-object-in-array-of-objects-)"
154,154,README,NAV,LINK,---,"// | | --- Run Mail Merge for Array of Objects","   * [Run Mail Merge for Array of Objects](#run-mail-merge-for-array-of-objects)"
155,155,README,NAV,LINK,N/A,"// | | Forms",""
156,156,README,NAV,LINK,-,"// | | - Utility Functions for Forms","* [Utility Functions for Forms](#utility-functions-for-forms)"
157,157,README,NAV,LINK,--,"// | | -- Array of Form Items","  * [Array of Form Items](#array-of-form-items)"
158,158,README,NAV,LINK,--,"// | | -- Get Form Item By Name","  * [Get Form Item By Name](#get-form-item-by-name)"
159,159,README,NAV,LINK,--,"// | | -- Set Item Choices","  * [Set Item Choices](#set-item-choices)"
160,160,README,NAV,LINK,--,"// | | -- Get Destination Sheet","  * [Get Destination Sheet](#get-destination-sheet)"
161,161,README,NAV,LINK,-,"// | | - Responses","* [Responses](#responses)"
162,162,README,NAV,LINK,--,"// | | -- Last Response as Object","  * [Last Response as Object](#last-response-as-object)"
163,163,README,NAV,LINK,--,"// | | -- Last Response as Array of Objects","  * [Last Response as Array of Objects](#last-response-as-array-of-objects)"
164,164,README,NAV,LINK,--,"// | | -- All Responses as Array of Objects","  * [All Responses as Array of Objects](#all-responses-as-array-of-objects)"
165,165,README,NAV,LINK,N/A,"// | | JSON",""
166,166,README,NAV,LINK,--,"// | | -- Object From URL","  * [Object From URL](#object-from-url)"
167,167,README,NAV,LINK,--,"// | | -- Object From File","  * [Object From File](#object-from-file)"
168,168,README,NAV,LINK,--,"// | | -- Object From Source","  * [Object From Source](#object-from-source)"
169,169,README,NAV,LINK,N/A,N/A,""
170,170,README,MAIN,HEADER,N/A,"// !=== MAIN",""
171,171,README,MAIN,LINK,#,"// # General","## General ##"
172,172,README,MAIN,BLANK,N/A,N/A,""
173,173,README,MAIN,LINK,-,"// - Array ","### Array  ###"
174,174,README,MAIN,BLANK,N/A,N/A,""
175,175,README,MAIN,LINK,--,"// -- Check Array For a Value","#### Check Array For a Value ####"
176,176,README,MAIN,BLANK,N/A,N/A,""
177,177,README,MAIN,JSDOC_START,N/A,"/**","```javascript
/**"
178,178,README,MAIN,JSDOC,N/A," * Returns true if the value is in the array."," * Returns true if the value is in the array."
179,179,README,MAIN,JSDOC,N/A," *"," *"
180,180,README,MAIN,JSDOC,N/A," * @param {*} val"," * @param {*} val"
181,181,README,MAIN,JSDOC,N/A," * @param {Array} arr"," * @param {Array} arr"
182,182,README,MAIN,JSDOC,N/A," * @returns {boolean}"," * @returns {boolean}"
183,183,README,MAIN,JSDOC_END,N/A," */"," */"
184,184,README,MAIN,BLANK,N/A,N/A,""
185,185,README,MAIN,FUNC_START,N/A,"function checkArrayForValue(arr, val) {","function checkArrayForValue(arr, val) {"
186,186,README,MAIN,FUNC,N/A,"    return arr.indexOf(val) > -1;","    return arr.indexOf(val) > -1;"
187,187,README,MAIN,FUNC_END,N/A,"}","}"
188,188,README,MAIN,BLANK,N/A,N/A,""
189,189,README,MAIN,EX_START,N/A,"// Logger.log('checkArrayForValue');","Logger.log('checkArrayForValue');"
190,190,README,MAIN,EX,N/A,"// var arr_cafv = [1, 2, 3, 4];","var arr_cafv = [1, 2, 3, 4];"
191,191,README,MAIN,EX_END,N/A,"// Logger.log(checkArrayForValue(arr_cafv, 5)); // false //!EX","Logger.log(checkArrayForValue(arr_cafv, 5)); // false 
```"
192,192,README,MAIN,BLANK,N/A,N/A,""
193,193,README,MAIN,LINK,--,"// -- Remove Duplicates from Array","#### Remove Duplicates from Array ####"
194,194,README,MAIN,BLANK,N/A,N/A,""
195,195,README,MAIN,JSDOC_START,N/A,"/**","```javascript
/**"
196,196,README,MAIN,JSDOC,N/A," * Returns an array with no duplicate values."," * Returns an array with no duplicate values."
197,197,README,MAIN,JSDOC,N/A," *"," *"
198,198,README,MAIN,JSDOC,N/A," * @param {Array} arr "," * @param {Array} arr "
199,199,README,MAIN,JSDOC,N/A," * @returns {Array}"," * @returns {Array}"
200,200,README,MAIN,JSDOC_END,N/A," */"," */"
201,201,README,MAIN,BLANK,N/A,N/A,""
202,202,README,MAIN,FUNC_START,N/A,"function removeDuplicatesFromArray(arr) {","function removeDuplicatesFromArray(arr) {"
203,203,README,MAIN,FUNC,N/A,"    var result = [];","    var result = [];"
204,204,README,MAIN,FUNC,N/A,"    var check = {};","    var check = {};"
205,205,README,MAIN,FUNC,N/A,"    for (var i = 0; i < arr.length; i++) {","    for (var i = 0; i < arr.length; i++) {"
206,206,README,MAIN,FUNC,N/A,"        var item = arr[i];","        var item = arr[i];"
207,207,README,MAIN,FUNC,N/A,"        if (check[item] !== 1) {","        if (check[item] !== 1) {"
208,208,README,MAIN,FUNC,N/A,"            check[item] = 1;","            check[item] = 1;"
209,209,README,MAIN,FUNC,N/A,"            result.push(item);","            result.push(item);"
210,210,README,MAIN,FUNC,N/A,"        }","        }"
211,211,README,MAIN,FUNC,N/A,"    }","    }"
212,212,README,MAIN,FUNC,N/A,"    return result;","    return result;"
213,213,README,MAIN,FUNC_END,N/A,"}","}"
214,214,README,MAIN,BLANK,N/A,N/A,""
215,215,README,MAIN,EX_START,N/A,"// Logger.log("removeDuplicatesFromArray");","Logger.log("removeDuplicatesFromArray");"
216,216,README,MAIN,EX,N/A,"// var arr_rdfa = [1, 2, 3, 1, 2, 3, 4,];","var arr_rdfa = [1, 2, 3, 1, 2, 3, 4,];"
217,217,README,MAIN,EX_END,N/A,"// Logger.log(removeDuplicatesFromArray(arr_rdfa)); // [1, 2, 3, 4] //!EX","Logger.log(removeDuplicatesFromArray(arr_rdfa)); // [1, 2, 3, 4] 
```"
218,218,README,MAIN,BLANK,N/A,N/A,""
219,219,README,MAIN,LINK,--,"// -- Remove Empty Elements from Array","#### Remove Empty Elements from Array ####"
220,220,README,MAIN,BLANK,N/A,N/A,""
221,221,README,MAIN,JSDOC_START,N/A,"/**","```javascript
/**"
222,222,README,MAIN,JSDOC,N/A," * Returns an array with no empty elements."," * Returns an array with no empty elements."
223,223,README,MAIN,JSDOC,N/A," *"," *"
224,224,README,MAIN,JSDOC,N/A," * @param {*} x"," * @param {*} x"
225,225,README,MAIN,JSDOC,N/A," * @returns {Array}"," * @returns {Array}"
226,226,README,MAIN,JSDOC_END,N/A," */"," */"
227,227,README,MAIN,BLANK,N/A,N/A,""
228,228,README,MAIN,FUNC_START,N/A,"function removeEmptyElementsFromArray(arr) {","function removeEmptyElementsFromArray(arr) {"
229,229,README,MAIN,FUNC,N/A,"    var result = [];","    var result = [];"
230,230,README,MAIN,FUNC,N/A,"    for (var i = 0; i < arr.length; i++) {","    for (var i = 0; i < arr.length; i++) {"
231,231,README,MAIN,FUNC,N/A,"        if (arr[i] !== undefined || '') {","        if (arr[i] !== undefined || '') {"
232,232,README,MAIN,FUNC,N/A,"            result.push(arr[i]);","            result.push(arr[i]);"
233,233,README,MAIN,FUNC,N/A,"        }","        }"
234,234,README,MAIN,FUNC,N/A,"    }","    }"
235,235,README,MAIN,FUNC,N/A,"    return result;","    return result;"
236,236,README,MAIN,FUNC_END,N/A,"}","}"
237,237,README,MAIN,BLANK,N/A,N/A,""
238,238,README,MAIN,EX_START,N/A,"// Logger.log("removeEmptyElementsFromArray");","Logger.log("removeEmptyElementsFromArray");"
239,239,README,MAIN,EX,N/A,"// var arr_reefa = ["a",,"b",,,"c"];","var arr_reefa = ["a",,"b",,,"c"];"
240,240,README,MAIN,EX_END,N/A,"// Logger.log(removeEmptyElementsFromArray(arr_reefa)); // ["a", "b", "c"] //!EX","Logger.log(removeEmptyElementsFromArray(arr_reefa)); // ["a", "b", "c"] 
```"
241,241,README,MAIN,BLANK,N/A,N/A,""
242,242,README,MAIN,LINK,--,"// -- Count of Values in Array","#### Count of Values in Array ####"
243,243,README,MAIN,BLANK,N/A,N/A,""
244,244,README,MAIN,JSDOC_START,N/A,"/**","```javascript
/**"
245,245,README,MAIN,JSDOC,N/A," * Returns an array of objects. "," * Returns an array of objects. "
246,246,README,MAIN,JSDOC,N/A," * Objects in the array have two properties: count and value."," * Objects in the array have two properties: count and value."
247,247,README,MAIN,JSDOC,N/A," *"," *"
248,248,README,MAIN,JSDOC,N/A," * @param {Array} arr"," * @param {Array} arr"
249,249,README,MAIN,JSDOC,N/A," * @property {string} value "," * @property {string} value "
250,250,README,MAIN,JSDOC,N/A," * @property {string} count "," * @property {string} count "
251,251,README,MAIN,JSDOC,N/A," * @returns {Object[]}"," * @returns {Object[]}"
252,252,README,MAIN,JSDOC_END,N/A," */"," */"
253,253,README,MAIN,BLANK,N/A,N/A,""
254,254,README,MAIN,FUNC_START,N/A,"function countOfValuesInArray(arr) {","function countOfValuesInArray(arr) {"
255,255,README,MAIN,FUNC,N/A,"    var result = [];","    var result = [];"
256,256,README,MAIN,FUNC,N/A,"    var copy = arr.slice(0);","    var copy = arr.slice(0);"
257,257,README,MAIN,FUNC,N/A,"    for (var i = 0; i < arr.length; i++) {","    for (var i = 0; i < arr.length; i++) {"
258,258,README,MAIN,FUNC,N/A,"        var myCount = 0;","        var myCount = 0;"
259,259,README,MAIN,FUNC,N/A,"        for (var w = 0; w < copy.length; w++) {","        for (var w = 0; w < copy.length; w++) {"
260,260,README,MAIN,FUNC,N/A,"            if (arr[i] == copy[w]) {","            if (arr[i] == copy[w]) {"
261,261,README,MAIN,FUNC,N/A,"                myCount++;","                myCount++;"
262,262,README,MAIN,FUNC,N/A,"                delete copy[w];","                delete copy[w];"
263,263,README,MAIN,FUNC,N/A,"            }","            }"
264,264,README,MAIN,FUNC,N/A,"        }","        }"
265,265,README,MAIN,FUNC,N/A,"        if (myCount > 0) {","        if (myCount > 0) {"
266,266,README,MAIN,FUNC,N/A,"            var obj = {};","            var obj = {};"
267,267,README,MAIN,FUNC,N/A,"            obj.value = arr[i];","            obj.value = arr[i];"
268,268,README,MAIN,FUNC,N/A,"            obj.count = myCount;","            obj.count = myCount;"
269,269,README,MAIN,FUNC,N/A,"            result.push(obj);","            result.push(obj);"
270,270,README,MAIN,FUNC,N/A,"        }","        }"
271,271,README,MAIN,FUNC,N/A,"    }","    }"
272,272,README,MAIN,FUNC,N/A,"    return result;","    return result;"
273,273,README,MAIN,FUNC_END,N/A,"}","}"
274,274,README,MAIN,BLANK,N/A,N/A,""
275,275,README,MAIN,EX_START,N/A,"// Logger.log("countOfValuesInArray");","Logger.log("countOfValuesInArray");"
276,276,README,MAIN,EX,N/A,"// var arr_covia = ["a", "b", "c", "a", "b", "c", "a"];","var arr_covia = ["a", "b", "c", "a", "b", "c", "a"];"
277,277,README,MAIN,EX,N/A,"// Logger.log(countOfValuesInArray(arr_covia)); ","Logger.log(countOfValuesInArray(arr_covia)); "
278,278,README,MAIN,EX_END,N/A,"// [{count=3.0, value=a}, {count=2.0, value=b}, {count=2.0, value=c}] //!EX","// [{count=3.0, value=a}, {count=2.0, value=b}, {count=2.0, value=c}] 
```"
279,279,README,MAIN,BLANK,N/A,N/A,""
280,280,README,MAIN,LINK,--,"// -- Intersect of Two Arrays","#### Intersect of Two Arrays ####"
281,281,README,MAIN,BLANK,N/A,N/A,""
282,282,README,MAIN,JSDOC_START,N/A,"/**","```javascript
/**"
283,283,README,MAIN,JSDOC,N/A," * Returns an array containing the elements found in both arrays."," * Returns an array containing the elements found in both arrays."
284,284,README,MAIN,JSDOC,N/A," *"," *"
285,285,README,MAIN,JSDOC,N/A," * @param {Array} arrA"," * @param {Array} arrA"
286,286,README,MAIN,JSDOC,N/A," * @param {Array} arrB"," * @param {Array} arrB"
287,287,README,MAIN,JSDOC,N/A," * @returns {Array}"," * @returns {Array}"
288,288,README,MAIN,JSDOC_END,N/A," */"," */"
289,289,README,MAIN,BLANK,N/A,N/A,""
290,290,README,MAIN,FUNC_START,N/A,"function intersectOfTwoArrays(arrA, arrB) {","function intersectOfTwoArrays(arrA, arrB) {"
291,291,README,MAIN,FUNC,N/A,"    var result = [];","    var result = [];"
292,292,README,MAIN,FUNC,N/A,"    var a = 0;","    var a = 0;"
293,293,README,MAIN,FUNC,N/A,"    var b = 0;","    var b = 0;"
294,294,README,MAIN,FUNC,N/A,"    while (a < arrA.length && b < arrB.length) {","    while (a < arrA.length && b < arrB.length) {"
295,295,README,MAIN,FUNC,N/A,"        if (arrA[a] < arrB[b]) {","        if (arrA[a] < arrB[b]) {"
296,296,README,MAIN,FUNC,N/A,"            a++;","            a++;"
297,297,README,MAIN,FUNC,N/A,"        } else if (arrA[a] > arrB[b]) {","        } else if (arrA[a] > arrB[b]) {"
298,298,README,MAIN,FUNC,N/A,"            b++;","            b++;"
299,299,README,MAIN,FUNC,N/A,"        } else {","        } else {"
300,300,README,MAIN,FUNC,N/A,"            result.push(arrA[a]);","            result.push(arrA[a]);"
301,301,README,MAIN,FUNC,N/A,"            a++;","            a++;"
302,302,README,MAIN,FUNC,N/A,"            b++;","            b++;"
303,303,README,MAIN,FUNC,N/A,"        }","        }"
304,304,README,MAIN,FUNC,N/A,"    }","    }"
305,305,README,MAIN,FUNC,N/A,"    return result;","    return result;"
306,306,README,MAIN,FUNC_END,N/A,"}","}"
307,307,README,MAIN,BLANK,N/A,N/A,""
308,308,README,MAIN,EX_START,N/A,"// Logger.log("intersectOfTwoArrays");","Logger.log("intersectOfTwoArrays");"
309,309,README,MAIN,EX,N/A,"// var arrA_iota = [1, 2, 3];","var arrA_iota = [1, 2, 3];"
310,310,README,MAIN,EX,N/A,"// var arrB_iota = [3, 4, 5];","var arrB_iota = [3, 4, 5];"
311,311,README,MAIN,EX_END,N/A,"// Logger.log(intersectOfTwoArrays(arrA_iota, arrB_iota)); // [3] //!EX","Logger.log(intersectOfTwoArrays(arrA_iota, arrB_iota)); // [3] 
```"
312,312,README,MAIN,BLANK,N/A,N/A,""
313,313,README,MAIN,LINK,--,"// -- Compare Two Arrays ","#### Compare Two Arrays  ####"
314,314,README,MAIN,BLANK,N/A,N/A,""
315,315,README,MAIN,JSDOC_START,N/A,"/**","```javascript
/**"
316,316,README,MAIN,JSDOC,N/A," * Returns true if both arrays contain the same elements in the same order."," * Returns true if both arrays contain the same elements in the same order."
317,317,README,MAIN,JSDOC,N/A," *"," *"
318,318,README,MAIN,JSDOC,N/A," * @param {Array} arrA"," * @param {Array} arrA"
319,319,README,MAIN,JSDOC,N/A," * @param {Array} arrB"," * @param {Array} arrB"
320,320,README,MAIN,JSDOC,N/A," * @returns {boolean}"," * @returns {boolean}"
321,321,README,MAIN,JSDOC_END,N/A," */"," */"
322,322,README,MAIN,BLANK,N/A,N/A,""
323,323,README,MAIN,FUNC_START,N/A,"function compareTwoArrays(arrA, arrB) {","function compareTwoArrays(arrA, arrB) {"
324,324,README,MAIN,FUNC,N/A,"    if (arrA.length !== arrB.length) {","    if (arrA.length !== arrB.length) {"
325,325,README,MAIN,FUNC,N/A,"        return false;","        return false;"
326,326,README,MAIN,FUNC,N/A,"    }","    }"
327,327,README,MAIN,FUNC,N/A,N/A,""
328,328,README,MAIN,FUNC,N/A,"    for (var i = arrA.length; i--;) {","    for (var i = arrA.length; i--;) {"
329,329,README,MAIN,FUNC,N/A,"        if (arrA[i] !== arrB[i]) {","        if (arrA[i] !== arrB[i]) {"
330,330,README,MAIN,FUNC,N/A,"            return false;","            return false;"
331,331,README,MAIN,FUNC,N/A,"        }","        }"
332,332,README,MAIN,FUNC,N/A,"    }","    }"
333,333,README,MAIN,FUNC,N/A,"    return true;","    return true;"
334,334,README,MAIN,FUNC_END,N/A,"}","}"
335,335,README,MAIN,BLANK,N/A,N/A,""
336,336,README,MAIN,EX_START,N/A,"// Logger.log("compareTwoArrays");","Logger.log("compareTwoArrays");"
337,337,README,MAIN,EX,N/A,"// var arrA_cta = [1, 2, 3, 4, 5];","var arrA_cta = [1, 2, 3, 4, 5];"
338,338,README,MAIN,EX,N/A,"// var arrB_cta = [1, 2, 3, 4, 5];","var arrB_cta = [1, 2, 3, 4, 5];"
339,339,README,MAIN,EX,N/A,"// var arrC_cta = [5, 4, 3, 2, 1];","var arrC_cta = [5, 4, 3, 2, 1];"
340,340,README,MAIN,EX,N/A,"// Logger.log(compareTwoArrays(arrA_cta, arrB_cta)); // true","Logger.log(compareTwoArrays(arrA_cta, arrB_cta)); // true"
341,341,README,MAIN,EX_END,N/A,"// Logger.log(compareTwoArrays(arrA_cta, arrC_cta)); // false //!EX","Logger.log(compareTwoArrays(arrA_cta, arrC_cta)); // false 
```"
342,342,README,MAIN,BLANK,N/A,N/A,""
343,343,README,MAIN,LINK,--,"// -- Array as Delimited String","#### Array as Delimited String ####"
344,344,README,MAIN,BLANK,N/A,N/A,""
345,345,README,MAIN,JSDOC_START,N/A,"/**","```javascript
/**"
346,346,README,MAIN,JSDOC,N/A," * Returns a string of array values. "," * Returns a string of array values. "
347,347,README,MAIN,JSDOC,N/A," * Elements are separated by a delimiter and a space."," * Elements are separated by a delimiter and a space."
348,348,README,MAIN,JSDOC,N/A," *"," *"
349,349,README,MAIN,JSDOC,N/A," * @param {Array} arr"," * @param {Array} arr"
350,350,README,MAIN,JSDOC,N/A," * @param {string} delim"," * @param {string} delim"
351,351,README,MAIN,JSDOC,N/A," * @returns {string}"," * @returns {string}"
352,352,README,MAIN,JSDOC_END,N/A," */"," */"
353,353,README,MAIN,BLANK,N/A,N/A,""
354,354,README,MAIN,FUNC_START,N/A,"function arrayAsDelimitedString(arr, delim) {","function arrayAsDelimitedString(arr, delim) {"
355,355,README,MAIN,FUNC,N/A,"    var result = "";","    var result = "";"
356,356,README,MAIN,FUNC,N/A,"    var copy = removeDuplicatesFromArray(arr);","    var copy = removeDuplicatesFromArray(arr);"
357,357,README,MAIN,FUNC,N/A,"    for (var i = 0; i < copy.length; i++) {","    for (var i = 0; i < copy.length; i++) {"
358,358,README,MAIN,FUNC,N/A,"        if (i < copy.length) {","        if (i < copy.length) {"
359,359,README,MAIN,FUNC,N/A,"            result += copy[i] + delim + " ";","            result += copy[i] + delim + " ";"
360,360,README,MAIN,FUNC,N/A,"        } else if (i === copy.length) {","        } else if (i === copy.length) {"
361,361,README,MAIN,FUNC,N/A,"            result += copy[i];","            result += copy[i];"
362,362,README,MAIN,FUNC,N/A,"        }","        }"
363,363,README,MAIN,FUNC,N/A,"    }","    }"
364,364,README,MAIN,FUNC,N/A,"    return result;","    return result;"
365,365,README,MAIN,FUNC_END,N/A,"}","}"
366,366,README,MAIN,BLANK,N/A,N/A,""
367,367,README,MAIN,EX_START,N/A,"// Logger.log("arrayAsDelimitedString");","Logger.log("arrayAsDelimitedString");"
368,368,README,MAIN,EX,N/A,"// var arr_da = ["c@example.com", "b@example.com", "a@example.com"];","var arr_da = ["c@example.com", "b@example.com", "a@example.com"];"
369,369,README,MAIN,EX,N/A,"// Logger.log(arrayAsDelimitedString(arr_da, ",")); ","Logger.log(arrayAsDelimitedString(arr_da, ",")); "
370,370,README,MAIN,EX_END,N/A,"// // "c@example.com, b@example.com, a@example.com" //!EX","// // "c@example.com, b@example.com, a@example.com" 
```"
371,371,README,MAIN,BLANK,N/A,N/A,""
372,372,README,MAIN,LINK,--,"// -- Array as Modified Delimited String","#### Array as Modified Delimited String ####"
373,373,README,MAIN,BLANK,N/A,N/A,""
374,374,README,MAIN,JSDOC_START,N/A,"/**","```javascript
/**"
375,375,README,MAIN,JSDOC,N/A," * Returns a string of array values."," * Returns a string of array values."
376,376,README,MAIN,JSDOC,N/A," * Elements are separated by a delimiter and a space, each followed by a modification."," * Elements are separated by a delimiter and a space, each followed by a modification."
377,377,README,MAIN,JSDOC,N/A," *"," *"
378,378,README,MAIN,JSDOC,N/A," * @param {Array} arr"," * @param {Array} arr"
379,379,README,MAIN,JSDOC,N/A," * @param {string} delim"," * @param {string} delim"
380,380,README,MAIN,JSDOC,N/A," * @param {string} mod Modification to append to each item in the array."," * @param {string} mod Modification to append to each item in the array."
381,381,README,MAIN,JSDOC,N/A," * @returns {string}"," * @returns {string}"
382,382,README,MAIN,JSDOC_END,N/A," */"," */"
383,383,README,MAIN,BLANK,N/A,N/A,""
384,384,README,MAIN,FUNC_START,N/A,"function arrayAsModifiedDelimitedString(arr, delim, mod) {","function arrayAsModifiedDelimitedString(arr, delim, mod) {"
385,385,README,MAIN,FUNC,N/A,"    var result = "";","    var result = "";"
386,386,README,MAIN,FUNC,N/A,"    var copy = removeDuplicatesFromArray(arr);","    var copy = removeDuplicatesFromArray(arr);"
387,387,README,MAIN,FUNC,N/A,"    for (var i = 0; i < copy.length; i++) {","    for (var i = 0; i < copy.length; i++) {"
388,388,README,MAIN,FUNC,N/A,"        if (i < copy.length) {","        if (i < copy.length) {"
389,389,README,MAIN,FUNC,N/A,"            result += copy[i] + mod + delim + " ";","            result += copy[i] + mod + delim + " ";"
390,390,README,MAIN,FUNC,N/A,"        } else if (i === copy.length) {","        } else if (i === copy.length) {"
391,391,README,MAIN,FUNC,N/A,"            result += copy[i] + mod + delim;","            result += copy[i] + mod + delim;"
392,392,README,MAIN,FUNC,N/A,"        }","        }"
393,393,README,MAIN,FUNC,N/A,"    }","    }"
394,394,README,MAIN,FUNC,N/A,"    return result;","    return result;"
395,395,README,MAIN,FUNC_END,N/A,"}","}"
396,396,README,MAIN,BLANK,N/A,N/A,""
397,397,README,MAIN,EX_START,N/A,"Logger.log("arrayAsModifiedDelimitedString");","Logger.log("arrayAsModifiedDelimitedString");"
398,398,README,MAIN,EX,N/A,"var arr_aamds = ["x", "z", "y"];","var arr_aamds = ["x", "z", "y"];"
399,399,README,MAIN,EX,N/A,"Logger.log(arrayAsModifiedDelimitedString(arr_aamds, ",", "@example.com")); ","Logger.log(arrayAsModifiedDelimitedString(arr_aamds, ",", "@example.com")); "
400,400,README,MAIN,EX_END,N/A,"// "x@example.com, y@example.com, z@example.com" //!EX","// "x@example.com, y@example.com, z@example.com" 
```"
401,401,README,MAIN,BLANK,N/A,N/A,""
402,402,README,MAIN,LINK,-,"// - Two Dimensional Array","### Two Dimensional Array ###"
403,403,README,MAIN,BLANK,N/A,N/A,""
404,404,README,MAIN,JSDOC_START,N/A,"/**","```javascript
/**"
405,405,README,MAIN,JSDOC,N/A," * Returns an array containing all values in a two dimensional array."," * Returns an array containing all values in a two dimensional array."
406,406,README,MAIN,JSDOC,N/A," *"," *"
407,407,README,MAIN,JSDOC,N/A," * @param {Array[]} arr"," * @param {Array[]} arr"
408,408,README,MAIN,JSDOC,N/A," * @returns {Array} "," * @returns {Array} "
409,409,README,MAIN,JSDOC_END,N/A," */"," */"
410,410,README,MAIN,BLANK,N/A,N/A,""
411,411,README,MAIN,FUNC_START,N/A,"function flattenTwoDimensionalArray(arr) {","function flattenTwoDimensionalArray(arr) {"
412,412,README,MAIN,FUNC_START,N/A,"    var result = arr.reduce(function(a, b) {","    var result = arr.reduce(function(a, b) {"
413,413,README,MAIN,FUNC,N/A,"        return a.concat(b);","        return a.concat(b);"
414,414,README,MAIN,FUNC,N/A,"    });","    });"
415,415,README,MAIN,FUNC,N/A,"    return result;","    return result;"
416,416,README,MAIN,FUNC_END,N/A,"}","}"
417,417,README,MAIN,BLANK,N/A,N/A,""
418,418,README,MAIN,EX_START,N/A,"// Logger.log("flattenTwoDimensionalArray");","Logger.log("flattenTwoDimensionalArray");"
419,419,README,MAIN,EX,N/A,"// var sheet_ftda = SpreadsheetApp.getActiveSpreadsheet().getSheetByName("Sheet1");","var sheet_ftda = SpreadsheetApp.getActiveSpreadsheet().getSheetByName("Sheet1");"
420,420,README,MAIN,EX,N/A,"// var val_ftda   = sheet_ftda.getRange("G2:H5").getValues();","var val_ftda   = sheet_ftda.getRange("G2:H5").getValues();"
421,421,README,MAIN,EX,N/A,"// Logger.log(flattenTwoDimensionalArray(val_ftda).sort()); ","Logger.log(flattenTwoDimensionalArray(val_ftda).sort()); "
422,422,README,MAIN,EX_END,N/A,"// [1, 2, 3, 4, 5, 6, 7, 8] //!EX","// [1, 2, 3, 4, 5, 6, 7, 8] 
```"
423,1,LIBRARY,QUICK-START,HEADER,N/A,"// !=== QUICK-START",""
424,2,LIBRARY,README,HEADER,N/A,"// !=== README",""
425,3,LIBRARY,README,DIRECT,N/A,"// # Google Apps Script Cheat Sheet #",""
426,4,LIBRARY,README,FOOTER,N/A,"// ===!",""
427,5,LIBRARY,QUICK-START,HEADER,N/A,"// !=== QUICK-START",""
428,6,LIBRARY,QUICK-START,DIRECT,N/A,"// function test() {}",""
429,7,LIBRARY,QUICK-START,DIRECT,N/A,"// Logger.log('Start');",""
430,8,LIBRARY,QUICK-START,FOOTER,N/A,"// ===!",""
431,9,LIBRARY,NAV,HEADER,N/A,"// !=== NAV",""
432,10,LIBRARY,NAV,LINK,N/A,"// |*| # General",""
433,11,LIBRARY,NAV,LINK,N/A,"// |*| - Array",""
434,12,LIBRARY,NAV,LINK,N/A,"// |*| -- Check Array for a Value",""
435,13,LIBRARY,NAV,LINK,N/A,"// |*| -- Remove Duplicates from Array",""
436,14,LIBRARY,NAV,LINK,N/A,"// |*| -- Remove Empty Elements from Array",""
437,15,LIBRARY,NAV,LINK,N/A,"// |*| -- Count of Values in Array",""
438,16,LIBRARY,NAV,LINK,N/A,"// |*| -- Intersect of Two Arrays",""
439,17,LIBRARY,NAV,LINK,N/A,"// |*| -- Compare Two Arrays",""
440,18,LIBRARY,NAV,LINK,N/A,"// |*| -- Array as Delimited String",""
441,19,LIBRARY,NAV,LINK,N/A,"// |*| -- Array as Modified Delimited String",""
442,20,LIBRARY,NAV,LINK,N/A,"// |*| - Two Dimensional Array",""
443,21,LIBRARY,NAV,LINK,N/A,"// |*| -- Flatten Two Dimensional Array",""
444,22,LIBRARY,NAV,LINK,N/A,"// | | - Array of Objects",""
445,23,LIBRARY,NAV,LINK,N/A,"// | | -- Sort Array of Objects by Property or Properties",""
446,24,LIBRARY,NAV,LINK,N/A,"// | | -- Find Object in Array of Objects",""
447,25,LIBRARY,NAV,LINK,N/A,"// | | -- Find First or Last Object in Array of Objects by Timestamp",""
448,26,LIBRARY,NAV,LINK,N/A,"// | | -- Filter Array of Objects by Value or Values",""
449,27,LIBRARY,NAV,LINK,N/A,"// | | -- Unify Properties for Objects in Array of Objects",""
450,28,LIBRARY,NAV,LINK,N/A,"// | | - Object",""
451,29,LIBRARY,NAV,LINK,N/A,"// | | -- Array of Object Values",""
452,30,LIBRARY,NAV,LINK,N/A,"// | | -- Merge Objects",""
453,31,LIBRARY,NAV,LINK,N/A,"// | | -- Check for Valid Object",""
454,32,LIBRARY,NAV,LINK,N/A,"// | | - Dates and Times",""
455,33,LIBRARY,NAV,LINK,N/A,"// | | -- Formatted Date Time",""
456,34,LIBRARY,NAV,LINK,N/A,"// | | -- Append Date Time",""
457,35,LIBRARY,NAV,LINK,N/A,"// | | -- Date Object from String",""
458,36,LIBRARY,NAV,LINK,N/A,"// | | -- Match a Date to a Date Range",""
459,37,LIBRARY,NAV,LINK,N/A,"// | | - String",""
460,38,LIBRARY,NAV,LINK,N/A,"// | | -- Check String for Substring",""
461,39,LIBRARY,NAV,LINK,N/A,"// | | -- Convert String to Snake Case",""
462,40,LIBRARY,NAV,LINK,N/A,"// | | Drive",""
463,41,LIBRARY,NAV,LINK,N/A,"// | | - Utility Functions for Drive",""
464,42,LIBRARY,NAV,LINK,N/A,"// | | -- Validate Path String",""
465,43,LIBRARY,NAV,LINK,N/A,"// | | -- Get Basename or Inverse Basename",""
466,44,LIBRARY,NAV,LINK,N/A,"// | | -- Validate MIME Type",""
467,45,LIBRARY,NAV,LINK,N/A,"// | | -- Match MIME Type ",""
468,46,LIBRARY,NAV,LINK,N/A,"// | | - Folders",""
469,47,LIBRARY,NAV,LINK,N/A,"// | | -- Array of Folders",""
470,48,LIBRARY,NAV,LINK,N/A,"// | | --- Array of Folders at Root",""
471,49,LIBRARY,NAV,LINK,N/A,"// | | --- Array of Folders in Folder",""
472,50,LIBRARY,NAV,LINK,N/A,"// | | --- Array of Folders at Path",""
473,51,LIBRARY,NAV,LINK,N/A,"// | | --- Array of Folders in Drive",""
474,52,LIBRARY,NAV,LINK,N/A,"// | | -- Array of Folder Names",""
475,53,LIBRARY,NAV,LINK,N/A,"// | | -- Find a Folder",""
476,54,LIBRARY,NAV,LINK,N/A,"// | | --- Find Folder at Root",""
477,55,LIBRARY,NAV,LINK,N/A,"// | | --- Find Folder in Folder",""
478,56,LIBRARY,NAV,LINK,N/A,"// | | --- Find Folder at Path",""
479,57,LIBRARY,NAV,LINK,N/A,"// | | --- Find Folder in Drive",""
480,58,LIBRARY,NAV,LINK,N/A,"// | | -- Check for a Folder",""
481,59,LIBRARY,NAV,LINK,N/A,"// | | --- Check for Folder at Root",""
482,60,LIBRARY,NAV,LINK,N/A,"// | | --- Check for Folder in Folder",""
483,61,LIBRARY,NAV,LINK,N/A,"// | | --- Check for Folder at Path",""
484,62,LIBRARY,NAV,LINK,N/A,"// | | -- Create a Folder",""
485,63,LIBRARY,NAV,LINK,N/A,"// | | --- Create Folder at Root",""
486,64,LIBRARY,NAV,LINK,N/A,"// | | --- Create Folder in Folder",""
487,65,LIBRARY,NAV,LINK,N/A,"// | | --- Create Folder at Path",""
488,66,LIBRARY,NAV,LINK,N/A,"// | | -- Create Folders",""
489,67,LIBRARY,NAV,LINK,N/A,"// | | --- Create Folders at Root",""
490,68,LIBRARY,NAV,LINK,N/A,"// | | --- Create Folders in Folder",""
491,69,LIBRARY,NAV,LINK,N/A,"// | | --- Create Folders at Path",""
492,70,LIBRARY,NAV,LINK,N/A,"// | | -- Verify Folder",""
493,71,LIBRARY,NAV,LINK,N/A,"// | | --- Verify Folder at Root",""
494,72,LIBRARY,NAV,LINK,N/A,"// | | --- Verify Folder in a Folder",""
495,73,LIBRARY,NAV,LINK,N/A,"// | | --- Verify Folder Path",""
496,74,LIBRARY,NAV,LINK,N/A,"// | | -- Verify Folders",""
497,75,LIBRARY,NAV,LINK,N/A,"// | | --- Verify Folders in a Folder",""
498,76,LIBRARY,NAV,LINK,N/A,"// | | --- Verify Folders at Root",""
499,77,LIBRARY,NAV,LINK,N/A,"// | | - Files",""
500,78,LIBRARY,NAV,LINK,N/A,"// | | -- Array of Files",""
501,79,LIBRARY,NAV,LINK,N/A,"// | | --- Array of Files at Root",""
502,80,LIBRARY,NAV,LINK,N/A,"// | | --- Array of Files in Folder",""
503,81,LIBRARY,NAV,LINK,N/A,"// | | --- Array of Files at Path",""
504,82,LIBRARY,NAV,LINK,N/A,"// | | --- Array of All Files in Drive",""
505,83,LIBRARY,NAV,LINK,N/A,"// | | -- Array of File Names",""
506,84,LIBRARY,NAV,LINK,N/A,"// | | -- Find a File",""
507,85,LIBRARY,NAV,LINK,N/A,"// | | --- Find a File at Root",""
508,86,LIBRARY,NAV,LINK,N/A,"// | | --- Find a File in a Folder",""
509,87,LIBRARY,NAV,LINK,N/A,"// | | --- Find File at Path",""
510,88,LIBRARY,NAV,LINK,N/A,"// | | --- Find a File in Drive",""
511,89,LIBRARY,NAV,LINK,N/A,"// | | -- Check for a File",""
512,90,LIBRARY,NAV,LINK,N/A,"// | | --- Check for a File at Root",""
513,91,LIBRARY,NAV,LINK,N/A,"// | | --- Check for a File in a Folder",""
514,92,LIBRARY,NAV,LINK,N/A,"// | | --- Check for a File at Path",""
515,93,LIBRARY,NAV,LINK,N/A,"// | | -- Create a File",""
516,94,LIBRARY,NAV,LINK,N/A,"// | | --- Create File at Root",""
517,95,LIBRARY,NAV,LINK,N/A,"// | | --- Create File in a Folder",""
518,96,LIBRARY,NAV,LINK,N/A,"// | | --- Create File at Path",""
519,97,LIBRARY,NAV,LINK,N/A,"// | | -- Verify File",""
520,98,LIBRARY,NAV,LINK,N/A,"// | | --- Verify File at Root",""
521,99,LIBRARY,NAV,LINK,N/A,"// | | --- Verify File in Folder",""
522,100,LIBRARY,NAV,LINK,N/A,"// | | --- Verify File at Path",""
523,101,LIBRARY,NAV,LINK,N/A,"// | | -- Id of Active File",""
524,102,LIBRARY,NAV,LINK,N/A,"// | | -- Open File as MIME Type",""
525,103,LIBRARY,NAV,LINK,N/A,"// | | -- Copy a File to a Folder",""
526,104,LIBRARY,NAV,LINK,N/A,"// | | -- Move a File to a Folder",""
527,105,LIBRARY,NAV,LINK,N/A,"// | | - Files and Folders",""
528,106,LIBRARY,NAV,LINK,N/A,"// | | -- Rename a File or Folder",""
529,107,LIBRARY,NAV,LINK,N/A,"// | | -- Parent Folder of a File or Folder",""
530,108,LIBRARY,NAV,LINK,N/A,"// | | -- Zip All Files in a Folder",""
531,109,LIBRARY,NAV,LINK,N/A,"// | | Sheets",""
532,110,LIBRARY,NAV,LINK,N/A,"// | | - Utility Functions for Sheets",""
533,111,LIBRARY,NAV,LINK,N/A,"// | | -- Convert Column Number to a Letter",""
534,112,LIBRARY,NAV,LINK,N/A,"// | | -- Convert Column Letter to a Number",""
535,113,LIBRARY,NAV,LINK,N/A,"// | | -- Replicating Import Range",""
536,114,LIBRARY,NAV,LINK,N/A,"// | | -- Array of Sheet Names",""
537,115,LIBRARY,NAV,LINK,N/A,"// | | - A1 Notation",""
538,116,LIBRARY,NAV,LINK,N/A,"// | | -- A1 Object",""
539,117,LIBRARY,NAV,LINK,N/A,"// | | -- Validate A1",""
540,118,LIBRARY,NAV,LINK,N/A,"// | | - Object",""
541,119,LIBRARY,NAV,LINK,N/A,"// | | -- Object for Range ",""
542,120,LIBRARY,NAV,LINK,N/A,"// | | - Array of Objects",""
543,121,LIBRARY,NAV,LINK,N/A,"// | | -- Header Range",""
544,122,LIBRARY,NAV,LINK,N/A,"// | | -- Value Range",""
545,123,LIBRARY,NAV,LINK,N/A,"// | | -- Header Values",""
546,124,LIBRARY,NAV,LINK,N/A,"// | | -- Array of Objects for Range",""
547,125,LIBRARY,NAV,LINK,N/A,"// | | -- Array of Objects for Sheet",""
548,126,LIBRARY,NAV,LINK,N/A,"// | | -- Array of Objects for A1 Notation",""
549,127,LIBRARY,NAV,LINK,N/A,"// | | - Array ",""
550,128,LIBRARY,NAV,LINK,N/A,"// | | -- Array of Values for Column",""
551,129,LIBRARY,NAV,LINK,N/A,"// | | --- For Header Value",""
552,130,LIBRARY,NAV,LINK,N/A,"// | | --- For Column Number",""
553,131,LIBRARY,NAV,LINK,N/A,"// | | --- For Range Object ",""
554,132,LIBRARY,NAV,LINK,N/A,"// | | Docs",""
555,133,LIBRARY,NAV,LINK,N/A,"// | | - Utility Functions for Docs",""
556,134,LIBRARY,NAV,LINK,N/A,"// | | -- Access Document Body",""
557,135,LIBRARY,NAV,LINK,N/A,"// | | -- Clear Document Body",""
558,136,LIBRARY,NAV,LINK,N/A,"// | | Merges",""
559,137,LIBRARY,NAV,LINK,N/A,"// | | - Sheets and Docs",""
560,138,LIBRARY,NAV,LINK,N/A,"// | | -- String From Object Properties ",""
561,139,LIBRARY,NAV,LINK,N/A,"// | | -- Replace Object Properties ",""
562,140,LIBRARY,NAV,LINK,N/A,"// | | --- Replace Object Properties in Document",""
563,141,LIBRARY,NAV,LINK,N/A,"// | | --- Replace Object Properties in Spreadsheet",""
564,142,LIBRARY,NAV,LINK,N/A,"// | | --- Replace Object Properties in Sheet",""
565,143,LIBRARY,NAV,LINK,N/A,"// | | -- Copy Template for Item in Array of Objects and Replace Object Properties",""
566,144,LIBRARY,NAV,LINK,N/A,"// | | --- Copy Document Template and Replace Object Properties",""
567,145,LIBRARY,NAV,LINK,N/A,"// | | --- Copy Spreadsheet Template and Replace Object Properties",""
568,146,LIBRARY,NAV,LINK,N/A,"// | | -- Cell Shading",""
569,147,LIBRARY,NAV,LINK,N/A,"// | | --- Index Object Properties",""
570,148,LIBRARY,NAV,LINK,N/A,"// | | -- Create Bulleted List in Document for Array of Objects",""
571,149,LIBRARY,NAV,LINK,N/A,"// | | --- Single Division List",""
572,150,LIBRARY,NAV,LINK,N/A,"// | | --- Multi Division List",""
573,151,LIBRARY,NAV,LINK,N/A,"// | | - Gmail",""
574,152,LIBRARY,NAV,LINK,N/A,"// | | -- Mail Merge",""
575,153,LIBRARY,NAV,LINK,N/A,"// | | --- Append Body Property for Object in Array of Objects ",""
576,154,LIBRARY,NAV,LINK,N/A,"// | | --- Run Mail Merge for Array of Objects",""
577,155,LIBRARY,NAV,LINK,N/A,"// | | Forms",""
578,156,LIBRARY,NAV,LINK,N/A,"// | | - Utility Functions for Forms",""
579,157,LIBRARY,NAV,LINK,N/A,"// | | -- Array of Form Items",""
580,158,LIBRARY,NAV,LINK,N/A,"// | | -- Get Form Item By Name",""
581,159,LIBRARY,NAV,LINK,N/A,"// | | -- Set Item Choices",""
582,160,LIBRARY,NAV,LINK,N/A,"// | | -- Get Destination Sheet",""
583,161,LIBRARY,NAV,LINK,N/A,"// | | - Responses",""
584,162,LIBRARY,NAV,LINK,N/A,"// | | -- Last Response as Object",""
585,163,LIBRARY,NAV,LINK,N/A,"// | | -- Last Response as Array of Objects",""
586,164,LIBRARY,NAV,LINK,N/A,"// | | -- All Responses as Array of Objects",""
587,165,LIBRARY,NAV,LINK,N/A,"// | | JSON",""
588,166,LIBRARY,NAV,LINK,N/A,"// | | -- Object From URL",""
589,167,LIBRARY,NAV,LINK,N/A,"// | | -- Object From File",""
590,168,LIBRARY,NAV,LINK,N/A,"// | | -- Object From Source",""
591,169,LIBRARY,NAV,LINK,N/A,N/A,""
592,170,LIBRARY,MAIN,HEADER,N/A,"// !=== MAIN",""
593,171,LIBRARY,MAIN,LINK,#,"// # General","// # General"
594,172,LIBRARY,MAIN,BLANK,N/A,N/A,""
595,173,LIBRARY,MAIN,LINK,-,"// - Array ","// - Array "
596,174,LIBRARY,MAIN,BLANK,N/A,N/A,""
597,175,LIBRARY,MAIN,LINK,--,"// -- Check Array For a Value","// -- Check Array For a Value"
598,176,LIBRARY,MAIN,BLANK,N/A,N/A,""
599,177,LIBRARY,MAIN,JSDOC_START,N/A,"/**","/**"
600,178,LIBRARY,MAIN,JSDOC,N/A," * Returns true if the value is in the array."," * Returns true if the value is in the array."
601,179,LIBRARY,MAIN,JSDOC,N/A," *"," *"
602,180,LIBRARY,MAIN,JSDOC,N/A," * @param {*} val"," * @param {*} val"
603,181,LIBRARY,MAIN,JSDOC,N/A," * @param {Array} arr"," * @param {Array} arr"
604,182,LIBRARY,MAIN,JSDOC,N/A," * @returns {boolean}"," * @returns {boolean}"
605,183,LIBRARY,MAIN,JSDOC_END,N/A," */"," */"
606,184,LIBRARY,MAIN,BLANK,N/A,N/A,""
607,185,LIBRARY,MAIN,FUNC_START,N/A,"function checkArrayForValue(arr, val) {","function checkArrayForValue(arr, val) {"
608,186,LIBRARY,MAIN,FUNC,N/A,"    return arr.indexOf(val) > -1;","    return arr.indexOf(val) > -1;"
609,187,LIBRARY,MAIN,FUNC_END,N/A,"}","}"
610,188,LIBRARY,MAIN,BLANK,N/A,N/A,""
611,189,LIBRARY,MAIN,EX_START,N/A,"// Logger.log('checkArrayForValue');",""
612,190,LIBRARY,MAIN,EX,N/A,"// var arr_cafv = [1, 2, 3, 4];",""
613,191,LIBRARY,MAIN,EX_END,N/A,"// Logger.log(checkArrayForValue(arr_cafv, 5)); // false //!EX",""
614,192,LIBRARY,MAIN,BLANK,N/A,N/A,""
615,193,LIBRARY,MAIN,LINK,--,"// -- Remove Duplicates from Array","// -- Remove Duplicates from Array"
616,194,LIBRARY,MAIN,BLANK,N/A,N/A,""
617,195,LIBRARY,MAIN,JSDOC_START,N/A,"/**","/**"
618,196,LIBRARY,MAIN,JSDOC,N/A," * Returns an array with no duplicate values."," * Returns an array with no duplicate values."
619,197,LIBRARY,MAIN,JSDOC,N/A," *"," *"
620,198,LIBRARY,MAIN,JSDOC,N/A," * @param {Array} arr "," * @param {Array} arr "
621,199,LIBRARY,MAIN,JSDOC,N/A," * @returns {Array}"," * @returns {Array}"
622,200,LIBRARY,MAIN,JSDOC_END,N/A," */"," */"
623,201,LIBRARY,MAIN,BLANK,N/A,N/A,""
624,202,LIBRARY,MAIN,FUNC_START,N/A,"function removeDuplicatesFromArray(arr) {","function removeDuplicatesFromArray(arr) {"
625,203,LIBRARY,MAIN,FUNC,N/A,"    var result = [];","    var result = [];"
626,204,LIBRARY,MAIN,FUNC,N/A,"    var check = {};","    var check = {};"
627,205,LIBRARY,MAIN,FUNC,N/A,"    for (var i = 0; i < arr.length; i++) {","    for (var i = 0; i < arr.length; i++) {"
628,206,LIBRARY,MAIN,FUNC,N/A,"        var item = arr[i];","        var item = arr[i];"
629,207,LIBRARY,MAIN,FUNC,N/A,"        if (check[item] !== 1) {","        if (check[item] !== 1) {"
630,208,LIBRARY,MAIN,FUNC,N/A,"            check[item] = 1;","            check[item] = 1;"
631,209,LIBRARY,MAIN,FUNC,N/A,"            result.push(item);","            result.push(item);"
632,210,LIBRARY,MAIN,FUNC,N/A,"        }","        }"
633,211,LIBRARY,MAIN,FUNC,N/A,"    }","    }"
634,212,LIBRARY,MAIN,FUNC,N/A,"    return result;","    return result;"
635,213,LIBRARY,MAIN,FUNC_END,N/A,"}","}"
636,214,LIBRARY,MAIN,BLANK,N/A,N/A,""
637,215,LIBRARY,MAIN,EX_START,N/A,"// Logger.log("removeDuplicatesFromArray");",""
638,216,LIBRARY,MAIN,EX,N/A,"// var arr_rdfa = [1, 2, 3, 1, 2, 3, 4,];",""
639,217,LIBRARY,MAIN,EX_END,N/A,"// Logger.log(removeDuplicatesFromArray(arr_rdfa)); // [1, 2, 3, 4] //!EX",""
640,218,LIBRARY,MAIN,BLANK,N/A,N/A,""
641,219,LIBRARY,MAIN,LINK,--,"// -- Remove Empty Elements from Array","// -- Remove Empty Elements from Array"
642,220,LIBRARY,MAIN,BLANK,N/A,N/A,""
643,221,LIBRARY,MAIN,JSDOC_START,N/A,"/**","/**"
644,222,LIBRARY,MAIN,JSDOC,N/A," * Returns an array with no empty elements."," * Returns an array with no empty elements."
645,223,LIBRARY,MAIN,JSDOC,N/A," *"," *"
646,224,LIBRARY,MAIN,JSDOC,N/A," * @param {*} x"," * @param {*} x"
647,225,LIBRARY,MAIN,JSDOC,N/A," * @returns {Array}"," * @returns {Array}"
648,226,LIBRARY,MAIN,JSDOC_END,N/A," */"," */"
649,227,LIBRARY,MAIN,BLANK,N/A,N/A,""
650,228,LIBRARY,MAIN,FUNC_START,N/A,"function removeEmptyElementsFromArray(arr) {","function removeEmptyElementsFromArray(arr) {"
651,229,LIBRARY,MAIN,FUNC,N/A,"    var result = [];","    var result = [];"
652,230,LIBRARY,MAIN,FUNC,N/A,"    for (var i = 0; i < arr.length; i++) {","    for (var i = 0; i < arr.length; i++) {"
653,231,LIBRARY,MAIN,FUNC,N/A,"        if (arr[i] !== undefined || '') {","        if (arr[i] !== undefined || '') {"
654,232,LIBRARY,MAIN,FUNC,N/A,"            result.push(arr[i]);","            result.push(arr[i]);"
655,233,LIBRARY,MAIN,FUNC,N/A,"        }","        }"
656,234,LIBRARY,MAIN,FUNC,N/A,"    }","    }"
657,235,LIBRARY,MAIN,FUNC,N/A,"    return result;","    return result;"
658,236,LIBRARY,MAIN,FUNC_END,N/A,"}","}"
659,237,LIBRARY,MAIN,BLANK,N/A,N/A,""
660,238,LIBRARY,MAIN,EX_START,N/A,"// Logger.log("removeEmptyElementsFromArray");",""
661,239,LIBRARY,MAIN,EX,N/A,"// var arr_reefa = ["a",,"b",,,"c"];",""
662,240,LIBRARY,MAIN,EX_END,N/A,"// Logger.log(removeEmptyElementsFromArray(arr_reefa)); // ["a", "b", "c"] //!EX",""
663,241,LIBRARY,MAIN,BLANK,N/A,N/A,""
664,242,LIBRARY,MAIN,LINK,--,"// -- Count of Values in Array","// -- Count of Values in Array"
665,243,LIBRARY,MAIN,BLANK,N/A,N/A,""
666,244,LIBRARY,MAIN,JSDOC_START,N/A,"/**","/**"
667,245,LIBRARY,MAIN,JSDOC,N/A," * Returns an array of objects. "," * Returns an array of objects. "
668,246,LIBRARY,MAIN,JSDOC,N/A," * Objects in the array have two properties: count and value."," * Objects in the array have two properties: count and value."
669,247,LIBRARY,MAIN,JSDOC,N/A," *"," *"
670,248,LIBRARY,MAIN,JSDOC,N/A," * @param {Array} arr"," * @param {Array} arr"
671,249,LIBRARY,MAIN,JSDOC,N/A," * @property {string} value "," * @property {string} value "
672,250,LIBRARY,MAIN,JSDOC,N/A," * @property {string} count "," * @property {string} count "
673,251,LIBRARY,MAIN,JSDOC,N/A," * @returns {Object[]}"," * @returns {Object[]}"
674,252,LIBRARY,MAIN,JSDOC_END,N/A," */"," */"
675,253,LIBRARY,MAIN,BLANK,N/A,N/A,""
676,254,LIBRARY,MAIN,FUNC_START,N/A,"function countOfValuesInArray(arr) {","function countOfValuesInArray(arr) {"
677,255,LIBRARY,MAIN,FUNC,N/A,"    var result = [];","    var result = [];"
678,256,LIBRARY,MAIN,FUNC,N/A,"    var copy = arr.slice(0);","    var copy = arr.slice(0);"
679,257,LIBRARY,MAIN,FUNC,N/A,"    for (var i = 0; i < arr.length; i++) {","    for (var i = 0; i < arr.length; i++) {"
680,258,LIBRARY,MAIN,FUNC,N/A,"        var myCount = 0;","        var myCount = 0;"
681,259,LIBRARY,MAIN,FUNC,N/A,"        for (var w = 0; w < copy.length; w++) {","        for (var w = 0; w < copy.length; w++) {"
682,260,LIBRARY,MAIN,FUNC,N/A,"            if (arr[i] == copy[w]) {","            if (arr[i] == copy[w]) {"
683,261,LIBRARY,MAIN,FUNC,N/A,"                myCount++;","                myCount++;"
684,262,LIBRARY,MAIN,FUNC,N/A,"                delete copy[w];","                delete copy[w];"
685,263,LIBRARY,MAIN,FUNC,N/A,"            }","            }"
686,264,LIBRARY,MAIN,FUNC,N/A,"        }","        }"
687,265,LIBRARY,MAIN,FUNC,N/A,"        if (myCount > 0) {","        if (myCount > 0) {"
688,266,LIBRARY,MAIN,FUNC,N/A,"            var obj = {};","            var obj = {};"
689,267,LIBRARY,MAIN,FUNC,N/A,"            obj.value = arr[i];","            obj.value = arr[i];"
690,268,LIBRARY,MAIN,FUNC,N/A,"            obj.count = myCount;","            obj.count = myCount;"
691,269,LIBRARY,MAIN,FUNC,N/A,"            result.push(obj);","            result.push(obj);"
692,270,LIBRARY,MAIN,FUNC,N/A,"        }","        }"
693,271,LIBRARY,MAIN,FUNC,N/A,"    }","    }"
694,272,LIBRARY,MAIN,FUNC,N/A,"    return result;","    return result;"
695,273,LIBRARY,MAIN,FUNC_END,N/A,"}","}"
696,274,LIBRARY,MAIN,BLANK,N/A,N/A,""
697,275,LIBRARY,MAIN,EX_START,N/A,"// Logger.log("countOfValuesInArray");",""
698,276,LIBRARY,MAIN,EX,N/A,"// var arr_covia = ["a", "b", "c", "a", "b", "c", "a"];",""
699,277,LIBRARY,MAIN,EX,N/A,"// Logger.log(countOfValuesInArray(arr_covia)); ",""
700,278,LIBRARY,MAIN,EX_END,N/A,"// [{count=3.0, value=a}, {count=2.0, value=b}, {count=2.0, value=c}] //!EX",""
701,279,LIBRARY,MAIN,BLANK,N/A,N/A,""
702,280,LIBRARY,MAIN,LINK,--,"// -- Intersect of Two Arrays","// -- Intersect of Two Arrays"
703,281,LIBRARY,MAIN,BLANK,N/A,N/A,""
704,282,LIBRARY,MAIN,JSDOC_START,N/A,"/**","/**"
705,283,LIBRARY,MAIN,JSDOC,N/A," * Returns an array containing the elements found in both arrays."," * Returns an array containing the elements found in both arrays."
706,284,LIBRARY,MAIN,JSDOC,N/A," *"," *"
707,285,LIBRARY,MAIN,JSDOC,N/A," * @param {Array} arrA"," * @param {Array} arrA"
708,286,LIBRARY,MAIN,JSDOC,N/A," * @param {Array} arrB"," * @param {Array} arrB"
709,287,LIBRARY,MAIN,JSDOC,N/A," * @returns {Array}"," * @returns {Array}"
710,288,LIBRARY,MAIN,JSDOC_END,N/A," */"," */"
711,289,LIBRARY,MAIN,BLANK,N/A,N/A,""
712,290,LIBRARY,MAIN,FUNC_START,N/A,"function intersectOfTwoArrays(arrA, arrB) {","function intersectOfTwoArrays(arrA, arrB) {"
713,291,LIBRARY,MAIN,FUNC,N/A,"    var result = [];","    var result = [];"
714,292,LIBRARY,MAIN,FUNC,N/A,"    var a = 0;","    var a = 0;"
715,293,LIBRARY,MAIN,FUNC,N/A,"    var b = 0;","    var b = 0;"
716,294,LIBRARY,MAIN,FUNC,N/A,"    while (a < arrA.length && b < arrB.length) {","    while (a < arrA.length && b < arrB.length) {"
717,295,LIBRARY,MAIN,FUNC,N/A,"        if (arrA[a] < arrB[b]) {","        if (arrA[a] < arrB[b]) {"
718,296,LIBRARY,MAIN,FUNC,N/A,"            a++;","            a++;"
719,297,LIBRARY,MAIN,FUNC,N/A,"        } else if (arrA[a] > arrB[b]) {","        } else if (arrA[a] > arrB[b]) {"
720,298,LIBRARY,MAIN,FUNC,N/A,"            b++;","            b++;"
721,299,LIBRARY,MAIN,FUNC,N/A,"        } else {","        } else {"
722,300,LIBRARY,MAIN,FUNC,N/A,"            result.push(arrA[a]);","            result.push(arrA[a]);"
723,301,LIBRARY,MAIN,FUNC,N/A,"            a++;","            a++;"
724,302,LIBRARY,MAIN,FUNC,N/A,"            b++;","            b++;"
725,303,LIBRARY,MAIN,FUNC,N/A,"        }","        }"
726,304,LIBRARY,MAIN,FUNC,N/A,"    }","    }"
727,305,LIBRARY,MAIN,FUNC,N/A,"    return result;","    return result;"
728,306,LIBRARY,MAIN,FUNC_END,N/A,"}","}"
729,307,LIBRARY,MAIN,BLANK,N/A,N/A,""
730,308,LIBRARY,MAIN,EX_START,N/A,"// Logger.log("intersectOfTwoArrays");",""
731,309,LIBRARY,MAIN,EX,N/A,"// var arrA_iota = [1, 2, 3];",""
732,310,LIBRARY,MAIN,EX,N/A,"// var arrB_iota = [3, 4, 5];",""
733,311,LIBRARY,MAIN,EX_END,N/A,"// Logger.log(intersectOfTwoArrays(arrA_iota, arrB_iota)); // [3] //!EX",""
734,312,LIBRARY,MAIN,BLANK,N/A,N/A,""
735,313,LIBRARY,MAIN,LINK,--,"// -- Compare Two Arrays ","// -- Compare Two Arrays "
736,314,LIBRARY,MAIN,BLANK,N/A,N/A,""
737,315,LIBRARY,MAIN,JSDOC_START,N/A,"/**","/**"
738,316,LIBRARY,MAIN,JSDOC,N/A," * Returns true if both arrays contain the same elements in the same order."," * Returns true if both arrays contain the same elements in the same order."
739,317,LIBRARY,MAIN,JSDOC,N/A," *"," *"
740,318,LIBRARY,MAIN,JSDOC,N/A," * @param {Array} arrA"," * @param {Array} arrA"
741,319,LIBRARY,MAIN,JSDOC,N/A," * @param {Array} arrB"," * @param {Array} arrB"
742,320,LIBRARY,MAIN,JSDOC,N/A," * @returns {boolean}"," * @returns {boolean}"
743,321,LIBRARY,MAIN,JSDOC_END,N/A," */"," */"
744,322,LIBRARY,MAIN,BLANK,N/A,N/A,""
745,323,LIBRARY,MAIN,FUNC_START,N/A,"function compareTwoArrays(arrA, arrB) {","function compareTwoArrays(arrA, arrB) {"
746,324,LIBRARY,MAIN,FUNC,N/A,"    if (arrA.length !== arrB.length) {","    if (arrA.length !== arrB.length) {"
747,325,LIBRARY,MAIN,FUNC,N/A,"        return false;","        return false;"
748,326,LIBRARY,MAIN,FUNC,N/A,"    }","    }"
749,327,LIBRARY,MAIN,FUNC,N/A,N/A,""
750,328,LIBRARY,MAIN,FUNC,N/A,"    for (var i = arrA.length; i--;) {","    for (var i = arrA.length; i--;) {"
751,329,LIBRARY,MAIN,FUNC,N/A,"        if (arrA[i] !== arrB[i]) {","        if (arrA[i] !== arrB[i]) {"
752,330,LIBRARY,MAIN,FUNC,N/A,"            return false;","            return false;"
753,331,LIBRARY,MAIN,FUNC,N/A,"        }","        }"
754,332,LIBRARY,MAIN,FUNC,N/A,"    }","    }"
755,333,LIBRARY,MAIN,FUNC,N/A,"    return true;","    return true;"
756,334,LIBRARY,MAIN,FUNC_END,N/A,"}","}"
757,335,LIBRARY,MAIN,BLANK,N/A,N/A,""
758,336,LIBRARY,MAIN,EX_START,N/A,"// Logger.log("compareTwoArrays");",""
759,337,LIBRARY,MAIN,EX,N/A,"// var arrA_cta = [1, 2, 3, 4, 5];",""
760,338,LIBRARY,MAIN,EX,N/A,"// var arrB_cta = [1, 2, 3, 4, 5];",""
761,339,LIBRARY,MAIN,EX,N/A,"// var arrC_cta = [5, 4, 3, 2, 1];",""
762,340,LIBRARY,MAIN,EX,N/A,"// Logger.log(compareTwoArrays(arrA_cta, arrB_cta)); // true",""
763,341,LIBRARY,MAIN,EX_END,N/A,"// Logger.log(compareTwoArrays(arrA_cta, arrC_cta)); // false //!EX",""
764,342,LIBRARY,MAIN,BLANK,N/A,N/A,""
765,343,LIBRARY,MAIN,LINK,--,"// -- Array as Delimited String","// -- Array as Delimited String"
766,344,LIBRARY,MAIN,BLANK,N/A,N/A,""
767,345,LIBRARY,MAIN,JSDOC_START,N/A,"/**","/**"
768,346,LIBRARY,MAIN,JSDOC,N/A," * Returns a string of array values. "," * Returns a string of array values. "
769,347,LIBRARY,MAIN,JSDOC,N/A," * Elements are separated by a delimiter and a space."," * Elements are separated by a delimiter and a space."
770,348,LIBRARY,MAIN,JSDOC,N/A," *"," *"
771,349,LIBRARY,MAIN,JSDOC,N/A," * @param {Array} arr"," * @param {Array} arr"
772,350,LIBRARY,MAIN,JSDOC,N/A," * @param {string} delim"," * @param {string} delim"
773,351,LIBRARY,MAIN,JSDOC,N/A," * @returns {string}"," * @returns {string}"
774,352,LIBRARY,MAIN,JSDOC_END,N/A," */"," */"
775,353,LIBRARY,MAIN,BLANK,N/A,N/A,""
776,354,LIBRARY,MAIN,FUNC_START,N/A,"function arrayAsDelimitedString(arr, delim) {","function arrayAsDelimitedString(arr, delim) {"
777,355,LIBRARY,MAIN,FUNC,N/A,"    var result = "";","    var result = "";"
778,356,LIBRARY,MAIN,FUNC,N/A,"    var copy = removeDuplicatesFromArray(arr);","    var copy = removeDuplicatesFromArray(arr);"
779,357,LIBRARY,MAIN,FUNC,N/A,"    for (var i = 0; i < copy.length; i++) {","    for (var i = 0; i < copy.length; i++) {"
780,358,LIBRARY,MAIN,FUNC,N/A,"        if (i < copy.length) {","        if (i < copy.length) {"
781,359,LIBRARY,MAIN,FUNC,N/A,"            result += copy[i] + delim + " ";","            result += copy[i] + delim + " ";"
782,360,LIBRARY,MAIN,FUNC,N/A,"        } else if (i === copy.length) {","        } else if (i === copy.length) {"
783,361,LIBRARY,MAIN,FUNC,N/A,"            result += copy[i];","            result += copy[i];"
784,362,LIBRARY,MAIN,FUNC,N/A,"        }","        }"
785,363,LIBRARY,MAIN,FUNC,N/A,"    }","    }"
786,364,LIBRARY,MAIN,FUNC,N/A,"    return result;","    return result;"
787,365,LIBRARY,MAIN,FUNC_END,N/A,"}","}"
788,366,LIBRARY,MAIN,BLANK,N/A,N/A,""
789,367,LIBRARY,MAIN,EX_START,N/A,"// Logger.log("arrayAsDelimitedString");",""
790,368,LIBRARY,MAIN,EX,N/A,"// var arr_da = ["c@example.com", "b@example.com", "a@example.com"];",""
791,369,LIBRARY,MAIN,EX,N/A,"// Logger.log(arrayAsDelimitedString(arr_da, ",")); ",""
792,370,LIBRARY,MAIN,EX_END,N/A,"// // "c@example.com, b@example.com, a@example.com" //!EX",""
793,371,LIBRARY,MAIN,BLANK,N/A,N/A,""
794,372,LIBRARY,MAIN,LINK,--,"// -- Array as Modified Delimited String","// -- Array as Modified Delimited String"
795,373,LIBRARY,MAIN,BLANK,N/A,N/A,""
796,374,LIBRARY,MAIN,JSDOC_START,N/A,"/**","/**"
797,375,LIBRARY,MAIN,JSDOC,N/A," * Returns a string of array values."," * Returns a string of array values."
798,376,LIBRARY,MAIN,JSDOC,N/A," * Elements are separated by a delimiter and a space, each followed by a modification."," * Elements are separated by a delimiter and a space, each followed by a modification."
799,377,LIBRARY,MAIN,JSDOC,N/A," *"," *"
800,378,LIBRARY,MAIN,JSDOC,N/A," * @param {Array} arr"," * @param {Array} arr"
801,379,LIBRARY,MAIN,JSDOC,N/A," * @param {string} delim"," * @param {string} delim"
802,380,LIBRARY,MAIN,JSDOC,N/A," * @param {string} mod Modification to append to each item in the array."," * @param {string} mod Modification to append to each item in the array."
803,381,LIBRARY,MAIN,JSDOC,N/A," * @returns {string}"," * @returns {string}"
804,382,LIBRARY,MAIN,JSDOC_END,N/A," */"," */"
805,383,LIBRARY,MAIN,BLANK,N/A,N/A,""
806,384,LIBRARY,MAIN,FUNC_START,N/A,"function arrayAsModifiedDelimitedString(arr, delim, mod) {","function arrayAsModifiedDelimitedString(arr, delim, mod) {"
807,385,LIBRARY,MAIN,FUNC,N/A,"    var result = "";","    var result = "";"
808,386,LIBRARY,MAIN,FUNC,N/A,"    var copy = removeDuplicatesFromArray(arr);","    var copy = removeDuplicatesFromArray(arr);"
809,387,LIBRARY,MAIN,FUNC,N/A,"    for (var i = 0; i < copy.length; i++) {","    for (var i = 0; i < copy.length; i++) {"
810,388,LIBRARY,MAIN,FUNC,N/A,"        if (i < copy.length) {","        if (i < copy.length) {"
811,389,LIBRARY,MAIN,FUNC,N/A,"            result += copy[i] + mod + delim + " ";","            result += copy[i] + mod + delim + " ";"
812,390,LIBRARY,MAIN,FUNC,N/A,"        } else if (i === copy.length) {","        } else if (i === copy.length) {"
813,391,LIBRARY,MAIN,FUNC,N/A,"            result += copy[i] + mod + delim;","            result += copy[i] + mod + delim;"
814,392,LIBRARY,MAIN,FUNC,N/A,"        }","        }"
815,393,LIBRARY,MAIN,FUNC,N/A,"    }","    }"
816,394,LIBRARY,MAIN,FUNC,N/A,"    return result;","    return result;"
817,395,LIBRARY,MAIN,FUNC_END,N/A,"}","}"
818,396,LIBRARY,MAIN,BLANK,N/A,N/A,""
819,397,LIBRARY,MAIN,EX_START,N/A,"Logger.log("arrayAsModifiedDelimitedString");",""
820,398,LIBRARY,MAIN,EX,N/A,"var arr_aamds = ["x", "z", "y"];",""
821,399,LIBRARY,MAIN,EX,N/A,"Logger.log(arrayAsModifiedDelimitedString(arr_aamds, ",", "@example.com")); ",""
822,400,LIBRARY,MAIN,EX_END,N/A,"// "x@example.com, y@example.com, z@example.com" //!EX",""
823,401,LIBRARY,MAIN,BLANK,N/A,N/A,""
824,402,LIBRARY,MAIN,LINK,-,"// - Two Dimensional Array","// - Two Dimensional Array"
825,403,LIBRARY,MAIN,BLANK,N/A,N/A,""
826,404,LIBRARY,MAIN,JSDOC_START,N/A,"/**","/**"
827,405,LIBRARY,MAIN,JSDOC,N/A," * Returns an array containing all values in a two dimensional array."," * Returns an array containing all values in a two dimensional array."
828,406,LIBRARY,MAIN,JSDOC,N/A," *"," *"
829,407,LIBRARY,MAIN,JSDOC,N/A," * @param {Array[]} arr"," * @param {Array[]} arr"
830,408,LIBRARY,MAIN,JSDOC,N/A," * @returns {Array} "," * @returns {Array} "
831,409,LIBRARY,MAIN,JSDOC_END,N/A," */"," */"
832,410,LIBRARY,MAIN,BLANK,N/A,N/A,""
833,411,LIBRARY,MAIN,FUNC_START,N/A,"function flattenTwoDimensionalArray(arr) {","function flattenTwoDimensionalArray(arr) {"
834,412,LIBRARY,MAIN,FUNC_START,N/A,"    var result = arr.reduce(function(a, b) {","    var result = arr.reduce(function(a, b) {"
835,413,LIBRARY,MAIN,FUNC,N/A,"        return a.concat(b);","        return a.concat(b);"
836,414,LIBRARY,MAIN,FUNC,N/A,"    });","    });"
837,415,LIBRARY,MAIN,FUNC,N/A,"    return result;","    return result;"
838,416,LIBRARY,MAIN,FUNC_END,N/A,"}","}"
839,417,LIBRARY,MAIN,BLANK,N/A,N/A,""
840,418,LIBRARY,MAIN,EX_START,N/A,"// Logger.log("flattenTwoDimensionalArray");",""
841,419,LIBRARY,MAIN,EX,N/A,"// var sheet_ftda = SpreadsheetApp.getActiveSpreadsheet().getSheetByName("Sheet1");",""
842,420,LIBRARY,MAIN,EX,N/A,"// var val_ftda   = sheet_ftda.getRange("G2:H5").getValues();",""
843,421,LIBRARY,MAIN,EX,N/A,"// Logger.log(flattenTwoDimensionalArray(val_ftda).sort()); ",""
844,422,LIBRARY,MAIN,EX_END,N/A,"// [1, 2, 3, 4, 5, 6, 7, 8] //!EX",""
845,1,QUICK-START,QUICK-START,HEADER,N/A,"// !=== QUICK-START",""
846,2,QUICK-START,README,HEADER,N/A,"// !=== README",""
847,3,QUICK-START,README,DIRECT,N/A,"// # Google Apps Script Cheat Sheet #",""
848,4,QUICK-START,README,FOOTER,N/A,"// ===!",""
849,5,QUICK-START,QUICK-START,HEADER,N/A,"// !=== QUICK-START",""
850,6,QUICK-START,QUICK-START,DIRECT,N/A,"// function test() {}",""
851,7,QUICK-START,QUICK-START,DIRECT,N/A,"// Logger.log('Start');",""
852,8,QUICK-START,QUICK-START,FOOTER,N/A,"// ===!",""
853,9,QUICK-START,NAV,HEADER,N/A,"// !=== NAV",""
854,10,QUICK-START,NAV,LINK,#,"// |*| # General",""
855,11,QUICK-START,NAV,LINK,-,"// |*| - Array",""
856,12,QUICK-START,NAV,LINK,--,"// |*| -- Check Array for a Value",""
857,13,QUICK-START,NAV,LINK,--,"// |*| -- Remove Duplicates from Array",""
858,14,QUICK-START,NAV,LINK,--,"// |*| -- Remove Empty Elements from Array",""
859,15,QUICK-START,NAV,LINK,--,"// |*| -- Count of Values in Array",""
860,16,QUICK-START,NAV,LINK,--,"// |*| -- Intersect of Two Arrays",""
861,17,QUICK-START,NAV,LINK,--,"// |*| -- Compare Two Arrays",""
862,18,QUICK-START,NAV,LINK,--,"// |*| -- Array as Delimited String",""
863,19,QUICK-START,NAV,LINK,--,"// |*| -- Array as Modified Delimited String",""
864,20,QUICK-START,NAV,LINK,-,"// |*| - Two Dimensional Array",""
865,21,QUICK-START,NAV,LINK,--,"// |*| -- Flatten Two Dimensional Array",""
866,22,QUICK-START,NAV,LINK,-,"// | | - Array of Objects",""
867,23,QUICK-START,NAV,LINK,--,"// | | -- Sort Array of Objects by Property or Properties",""
868,24,QUICK-START,NAV,LINK,--,"// | | -- Find Object in Array of Objects",""
869,25,QUICK-START,NAV,LINK,--,"// | | -- Find First or Last Object in Array of Objects by Timestamp",""
870,26,QUICK-START,NAV,LINK,--,"// | | -- Filter Array of Objects by Value or Values",""
871,27,QUICK-START,NAV,LINK,--,"// | | -- Unify Properties for Objects in Array of Objects",""
872,28,QUICK-START,NAV,LINK,-,"// | | - Object",""
873,29,QUICK-START,NAV,LINK,--,"// | | -- Array of Object Values",""
874,30,QUICK-START,NAV,LINK,--,"// | | -- Merge Objects",""
875,31,QUICK-START,NAV,LINK,--,"// | | -- Check for Valid Object",""
876,32,QUICK-START,NAV,LINK,-,"// | | - Dates and Times",""
877,33,QUICK-START,NAV,LINK,--,"// | | -- Formatted Date Time",""
878,34,QUICK-START,NAV,LINK,--,"// | | -- Append Date Time",""
879,35,QUICK-START,NAV,LINK,--,"// | | -- Date Object from String",""
880,36,QUICK-START,NAV,LINK,--,"// | | -- Match a Date to a Date Range",""
881,37,QUICK-START,NAV,LINK,-,"// | | - String",""
882,38,QUICK-START,NAV,LINK,--,"// | | -- Check String for Substring",""
883,39,QUICK-START,NAV,LINK,--,"// | | -- Convert String to Snake Case",""
884,40,QUICK-START,NAV,LINK,N/A,"// | | Drive",""
885,41,QUICK-START,NAV,LINK,-,"// | | - Utility Functions for Drive",""
886,42,QUICK-START,NAV,LINK,--,"// | | -- Validate Path String",""
887,43,QUICK-START,NAV,LINK,--,"// | | -- Get Basename or Inverse Basename",""
888,44,QUICK-START,NAV,LINK,--,"// | | -- Validate MIME Type",""
889,45,QUICK-START,NAV,LINK,--,"// | | -- Match MIME Type ",""
890,46,QUICK-START,NAV,LINK,-,"// | | - Folders",""
891,47,QUICK-START,NAV,LINK,--,"// | | -- Array of Folders",""
892,48,QUICK-START,NAV,LINK,---,"// | | --- Array of Folders at Root",""
893,49,QUICK-START,NAV,LINK,---,"// | | --- Array of Folders in Folder",""
894,50,QUICK-START,NAV,LINK,---,"// | | --- Array of Folders at Path",""
895,51,QUICK-START,NAV,LINK,---,"// | | --- Array of Folders in Drive",""
896,52,QUICK-START,NAV,LINK,--,"// | | -- Array of Folder Names",""
897,53,QUICK-START,NAV,LINK,--,"// | | -- Find a Folder",""
898,54,QUICK-START,NAV,LINK,---,"// | | --- Find Folder at Root",""
899,55,QUICK-START,NAV,LINK,---,"// | | --- Find Folder in Folder",""
900,56,QUICK-START,NAV,LINK,---,"// | | --- Find Folder at Path",""
901,57,QUICK-START,NAV,LINK,---,"// | | --- Find Folder in Drive",""
902,58,QUICK-START,NAV,LINK,--,"// | | -- Check for a Folder",""
903,59,QUICK-START,NAV,LINK,---,"// | | --- Check for Folder at Root",""
904,60,QUICK-START,NAV,LINK,---,"// | | --- Check for Folder in Folder",""
905,61,QUICK-START,NAV,LINK,---,"// | | --- Check for Folder at Path",""
906,62,QUICK-START,NAV,LINK,--,"// | | -- Create a Folder",""
907,63,QUICK-START,NAV,LINK,---,"// | | --- Create Folder at Root",""
908,64,QUICK-START,NAV,LINK,---,"// | | --- Create Folder in Folder",""
909,65,QUICK-START,NAV,LINK,---,"// | | --- Create Folder at Path",""
910,66,QUICK-START,NAV,LINK,--,"// | | -- Create Folders",""
911,67,QUICK-START,NAV,LINK,---,"// | | --- Create Folders at Root",""
912,68,QUICK-START,NAV,LINK,---,"// | | --- Create Folders in Folder",""
913,69,QUICK-START,NAV,LINK,---,"// | | --- Create Folders at Path",""
914,70,QUICK-START,NAV,LINK,--,"// | | -- Verify Folder",""
915,71,QUICK-START,NAV,LINK,---,"// | | --- Verify Folder at Root",""
916,72,QUICK-START,NAV,LINK,---,"// | | --- Verify Folder in a Folder",""
917,73,QUICK-START,NAV,LINK,---,"// | | --- Verify Folder Path",""
918,74,QUICK-START,NAV,LINK,--,"// | | -- Verify Folders",""
919,75,QUICK-START,NAV,LINK,---,"// | | --- Verify Folders in a Folder",""
920,76,QUICK-START,NAV,LINK,---,"// | | --- Verify Folders at Root",""
921,77,QUICK-START,NAV,LINK,-,"// | | - Files",""
922,78,QUICK-START,NAV,LINK,--,"// | | -- Array of Files",""
923,79,QUICK-START,NAV,LINK,---,"// | | --- Array of Files at Root",""
924,80,QUICK-START,NAV,LINK,---,"// | | --- Array of Files in Folder",""
925,81,QUICK-START,NAV,LINK,---,"// | | --- Array of Files at Path",""
926,82,QUICK-START,NAV,LINK,---,"// | | --- Array of All Files in Drive",""
927,83,QUICK-START,NAV,LINK,--,"// | | -- Array of File Names",""
928,84,QUICK-START,NAV,LINK,--,"// | | -- Find a File",""
929,85,QUICK-START,NAV,LINK,---,"// | | --- Find a File at Root",""
930,86,QUICK-START,NAV,LINK,---,"// | | --- Find a File in a Folder",""
931,87,QUICK-START,NAV,LINK,---,"// | | --- Find File at Path",""
932,88,QUICK-START,NAV,LINK,---,"// | | --- Find a File in Drive",""
933,89,QUICK-START,NAV,LINK,--,"// | | -- Check for a File",""
934,90,QUICK-START,NAV,LINK,---,"// | | --- Check for a File at Root",""
935,91,QUICK-START,NAV,LINK,---,"// | | --- Check for a File in a Folder",""
936,92,QUICK-START,NAV,LINK,---,"// | | --- Check for a File at Path",""
937,93,QUICK-START,NAV,LINK,--,"// | | -- Create a File",""
938,94,QUICK-START,NAV,LINK,---,"// | | --- Create File at Root",""
939,95,QUICK-START,NAV,LINK,---,"// | | --- Create File in a Folder",""
940,96,QUICK-START,NAV,LINK,---,"// | | --- Create File at Path",""
941,97,QUICK-START,NAV,LINK,--,"// | | -- Verify File",""
942,98,QUICK-START,NAV,LINK,---,"// | | --- Verify File at Root",""
943,99,QUICK-START,NAV,LINK,---,"// | | --- Verify File in Folder",""
944,100,QUICK-START,NAV,LINK,---,"// | | --- Verify File at Path",""
945,101,QUICK-START,NAV,LINK,--,"// | | -- Id of Active File",""
946,102,QUICK-START,NAV,LINK,--,"// | | -- Open File as MIME Type",""
947,103,QUICK-START,NAV,LINK,--,"// | | -- Copy a File to a Folder",""
948,104,QUICK-START,NAV,LINK,--,"// | | -- Move a File to a Folder",""
949,105,QUICK-START,NAV,LINK,-,"// | | - Files and Folders",""
950,106,QUICK-START,NAV,LINK,--,"// | | -- Rename a File or Folder",""
951,107,QUICK-START,NAV,LINK,--,"// | | -- Parent Folder of a File or Folder",""
952,108,QUICK-START,NAV,LINK,--,"// | | -- Zip All Files in a Folder",""
953,109,QUICK-START,NAV,LINK,N/A,"// | | Sheets",""
954,110,QUICK-START,NAV,LINK,-,"// | | - Utility Functions for Sheets",""
955,111,QUICK-START,NAV,LINK,--,"// | | -- Convert Column Number to a Letter",""
956,112,QUICK-START,NAV,LINK,--,"// | | -- Convert Column Letter to a Number",""
957,113,QUICK-START,NAV,LINK,--,"// | | -- Replicating Import Range",""
958,114,QUICK-START,NAV,LINK,--,"// | | -- Array of Sheet Names",""
959,115,QUICK-START,NAV,LINK,-,"// | | - A1 Notation",""
960,116,QUICK-START,NAV,LINK,--,"// | | -- A1 Object",""
961,117,QUICK-START,NAV,LINK,--,"// | | -- Validate A1",""
962,118,QUICK-START,NAV,LINK,-,"// | | - Object",""
963,119,QUICK-START,NAV,LINK,--,"// | | -- Object for Range ",""
964,120,QUICK-START,NAV,LINK,-,"// | | - Array of Objects",""
965,121,QUICK-START,NAV,LINK,--,"// | | -- Header Range",""
966,122,QUICK-START,NAV,LINK,--,"// | | -- Value Range",""
967,123,QUICK-START,NAV,LINK,--,"// | | -- Header Values",""
968,124,QUICK-START,NAV,LINK,--,"// | | -- Array of Objects for Range",""
969,125,QUICK-START,NAV,LINK,--,"// | | -- Array of Objects for Sheet",""
970,126,QUICK-START,NAV,LINK,--,"// | | -- Array of Objects for A1 Notation",""
971,127,QUICK-START,NAV,LINK,-,"// | | - Array ",""
972,128,QUICK-START,NAV,LINK,--,"// | | -- Array of Values for Column",""
973,129,QUICK-START,NAV,LINK,---,"// | | --- For Header Value",""
974,130,QUICK-START,NAV,LINK,---,"// | | --- For Column Number",""
975,131,QUICK-START,NAV,LINK,---,"// | | --- For Range Object ",""
976,132,QUICK-START,NAV,LINK,N/A,"// | | Docs",""
977,133,QUICK-START,NAV,LINK,-,"// | | - Utility Functions for Docs",""
978,134,QUICK-START,NAV,LINK,--,"// | | -- Access Document Body",""
979,135,QUICK-START,NAV,LINK,--,"// | | -- Clear Document Body",""
980,136,QUICK-START,NAV,LINK,N/A,"// | | Merges",""
981,137,QUICK-START,NAV,LINK,-,"// | | - Sheets and Docs",""
982,138,QUICK-START,NAV,LINK,--,"// | | -- String From Object Properties ",""
983,139,QUICK-START,NAV,LINK,--,"// | | -- Replace Object Properties ",""
984,140,QUICK-START,NAV,LINK,---,"// | | --- Replace Object Properties in Document",""
985,141,QUICK-START,NAV,LINK,---,"// | | --- Replace Object Properties in Spreadsheet",""
986,142,QUICK-START,NAV,LINK,---,"// | | --- Replace Object Properties in Sheet",""
987,143,QUICK-START,NAV,LINK,--,"// | | -- Copy Template for Item in Array of Objects and Replace Object Properties",""
988,144,QUICK-START,NAV,LINK,---,"// | | --- Copy Document Template and Replace Object Properties",""
989,145,QUICK-START,NAV,LINK,---,"// | | --- Copy Spreadsheet Template and Replace Object Properties",""
990,146,QUICK-START,NAV,LINK,--,"// | | -- Cell Shading",""
991,147,QUICK-START,NAV,LINK,---,"// | | --- Index Object Properties",""
992,148,QUICK-START,NAV,LINK,--,"// | | -- Create Bulleted List in Document for Array of Objects",""
993,149,QUICK-START,NAV,LINK,---,"// | | --- Single Division List",""
994,150,QUICK-START,NAV,LINK,---,"// | | --- Multi Division List",""
995,151,QUICK-START,NAV,LINK,-,"// | | - Gmail",""
996,152,QUICK-START,NAV,LINK,--,"// | | -- Mail Merge",""
997,153,QUICK-START,NAV,LINK,---,"// | | --- Append Body Property for Object in Array of Objects ",""
998,154,QUICK-START,NAV,LINK,---,"// | | --- Run Mail Merge for Array of Objects",""
999,155,QUICK-START,NAV,LINK,N/A,"// | | Forms",""
1000,156,QUICK-START,NAV,LINK,-,"// | | - Utility Functions for Forms",""
1001,157,QUICK-START,NAV,LINK,--,"// | | -- Array of Form Items",""
1002,158,QUICK-START,NAV,LINK,--,"// | | -- Get Form Item By Name",""
1003,159,QUICK-START,NAV,LINK,--,"// | | -- Set Item Choices",""
1004,160,QUICK-START,NAV,LINK,--,"// | | -- Get Destination Sheet",""
1005,161,QUICK-START,NAV,LINK,-,"// | | - Responses",""
1006,162,QUICK-START,NAV,LINK,--,"// | | -- Last Response as Object",""
1007,163,QUICK-START,NAV,LINK,--,"// | | -- Last Response as Array of Objects",""
1008,164,QUICK-START,NAV,LINK,--,"// | | -- All Responses as Array of Objects",""
1009,165,QUICK-START,NAV,LINK,N/A,"// | | JSON",""
1010,166,QUICK-START,NAV,LINK,--,"// | | -- Object From URL",""
1011,167,QUICK-START,NAV,LINK,--,"// | | -- Object From File",""
1012,168,QUICK-START,NAV,LINK,--,"// | | -- Object From Source",""
1013,169,QUICK-START,NAV,LINK,N/A,N/A,""
1014,170,QUICK-START,MAIN,HEADER,N/A,"// !=== MAIN",""
1015,171,QUICK-START,MAIN,LINK,#,"// # General",""
1016,172,QUICK-START,MAIN,BLANK,N/A,N/A,""
1017,173,QUICK-START,MAIN,LINK,-,"// - Array ",""
1018,174,QUICK-START,MAIN,BLANK,N/A,N/A,""
1019,175,QUICK-START,MAIN,LINK,--,"// -- Check Array For a Value",""
1020,176,QUICK-START,MAIN,BLANK,N/A,N/A,""
1021,177,QUICK-START,MAIN,JSDOC_START,N/A,"/**",""
1022,178,QUICK-START,MAIN,JSDOC,N/A," * Returns true if the value is in the array.",""
1023,179,QUICK-START,MAIN,JSDOC,N/A," *",""
1024,180,QUICK-START,MAIN,JSDOC,N/A," * @param {*} val",""
1025,181,QUICK-START,MAIN,JSDOC,N/A," * @param {Array} arr",""
1026,182,QUICK-START,MAIN,JSDOC,N/A," * @returns {boolean}",""
1027,183,QUICK-START,MAIN,JSDOC_END,N/A," */",""
1028,184,QUICK-START,MAIN,BLANK,N/A,N/A,""
1029,185,QUICK-START,MAIN,FUNC_START,N/A,"function checkArrayForValue(arr, val) {",""
1030,186,QUICK-START,MAIN,FUNC,N/A,"    return arr.indexOf(val) > -1;",""
1031,187,QUICK-START,MAIN,FUNC_END,N/A,"}",""
1032,188,QUICK-START,MAIN,BLANK,N/A,N/A,""
1033,189,QUICK-START,MAIN,EX_START,N/A,"// Logger.log('checkArrayForValue');",""
1034,190,QUICK-START,MAIN,EX,N/A,"// var arr_cafv = [1, 2, 3, 4];",""
1035,191,QUICK-START,MAIN,EX_END,N/A,"// Logger.log(checkArrayForValue(arr_cafv, 5)); // false //!EX",""
1036,192,QUICK-START,MAIN,BLANK,N/A,N/A,""
1037,193,QUICK-START,MAIN,LINK,--,"// -- Remove Duplicates from Array",""
1038,194,QUICK-START,MAIN,BLANK,N/A,N/A,""
1039,195,QUICK-START,MAIN,JSDOC_START,N/A,"/**",""
1040,196,QUICK-START,MAIN,JSDOC,N/A," * Returns an array with no duplicate values.",""
1041,197,QUICK-START,MAIN,JSDOC,N/A," *",""
1042,198,QUICK-START,MAIN,JSDOC,N/A," * @param {Array} arr ",""
1043,199,QUICK-START,MAIN,JSDOC,N/A," * @returns {Array}",""
1044,200,QUICK-START,MAIN,JSDOC_END,N/A," */",""
1045,201,QUICK-START,MAIN,BLANK,N/A,N/A,""
1046,202,QUICK-START,MAIN,FUNC_START,N/A,"function removeDuplicatesFromArray(arr) {",""
1047,203,QUICK-START,MAIN,FUNC,N/A,"    var result = [];",""
1048,204,QUICK-START,MAIN,FUNC,N/A,"    var check = {};",""
1049,205,QUICK-START,MAIN,FUNC,N/A,"    for (var i = 0; i < arr.length; i++) {",""
1050,206,QUICK-START,MAIN,FUNC,N/A,"        var item = arr[i];",""
1051,207,QUICK-START,MAIN,FUNC,N/A,"        if (check[item] !== 1) {",""
1052,208,QUICK-START,MAIN,FUNC,N/A,"            check[item] = 1;",""
1053,209,QUICK-START,MAIN,FUNC,N/A,"            result.push(item);",""
1054,210,QUICK-START,MAIN,FUNC,N/A,"        }",""
1055,211,QUICK-START,MAIN,FUNC,N/A,"    }",""
1056,212,QUICK-START,MAIN,FUNC,N/A,"    return result;",""
1057,213,QUICK-START,MAIN,FUNC_END,N/A,"}",""
1058,214,QUICK-START,MAIN,BLANK,N/A,N/A,""
1059,215,QUICK-START,MAIN,EX_START,N/A,"// Logger.log("removeDuplicatesFromArray");",""
1060,216,QUICK-START,MAIN,EX,N/A,"// var arr_rdfa = [1, 2, 3, 1, 2, 3, 4,];",""
1061,217,QUICK-START,MAIN,EX_END,N/A,"// Logger.log(removeDuplicatesFromArray(arr_rdfa)); // [1, 2, 3, 4] //!EX",""
1062,218,QUICK-START,MAIN,BLANK,N/A,N/A,""
1063,219,QUICK-START,MAIN,LINK,--,"// -- Remove Empty Elements from Array",""
1064,220,QUICK-START,MAIN,BLANK,N/A,N/A,""
1065,221,QUICK-START,MAIN,JSDOC_START,N/A,"/**",""
1066,222,QUICK-START,MAIN,JSDOC,N/A," * Returns an array with no empty elements.",""
1067,223,QUICK-START,MAIN,JSDOC,N/A," *",""
1068,224,QUICK-START,MAIN,JSDOC,N/A," * @param {*} x",""
1069,225,QUICK-START,MAIN,JSDOC,N/A," * @returns {Array}",""
1070,226,QUICK-START,MAIN,JSDOC_END,N/A," */",""
1071,227,QUICK-START,MAIN,BLANK,N/A,N/A,""
1072,228,QUICK-START,MAIN,FUNC_START,N/A,"function removeEmptyElementsFromArray(arr) {",""
1073,229,QUICK-START,MAIN,FUNC,N/A,"    var result = [];",""
1074,230,QUICK-START,MAIN,FUNC,N/A,"    for (var i = 0; i < arr.length; i++) {",""
1075,231,QUICK-START,MAIN,FUNC,N/A,"        if (arr[i] !== undefined || '') {",""
1076,232,QUICK-START,MAIN,FUNC,N/A,"            result.push(arr[i]);",""
1077,233,QUICK-START,MAIN,FUNC,N/A,"        }",""
1078,234,QUICK-START,MAIN,FUNC,N/A,"    }",""
1079,235,QUICK-START,MAIN,FUNC,N/A,"    return result;",""
1080,236,QUICK-START,MAIN,FUNC_END,N/A,"}",""
1081,237,QUICK-START,MAIN,BLANK,N/A,N/A,""
1082,238,QUICK-START,MAIN,EX_START,N/A,"// Logger.log("removeEmptyElementsFromArray");",""
1083,239,QUICK-START,MAIN,EX,N/A,"// var arr_reefa = ["a",,"b",,,"c"];",""
1084,240,QUICK-START,MAIN,EX_END,N/A,"// Logger.log(removeEmptyElementsFromArray(arr_reefa)); // ["a", "b", "c"] //!EX",""
1085,241,QUICK-START,MAIN,BLANK,N/A,N/A,""
1086,242,QUICK-START,MAIN,LINK,--,"// -- Count of Values in Array",""
1087,243,QUICK-START,MAIN,BLANK,N/A,N/A,""
1088,244,QUICK-START,MAIN,JSDOC_START,N/A,"/**",""
1089,245,QUICK-START,MAIN,JSDOC,N/A," * Returns an array of objects. ",""
1090,246,QUICK-START,MAIN,JSDOC,N/A," * Objects in the array have two properties: count and value.",""
1091,247,QUICK-START,MAIN,JSDOC,N/A," *",""
1092,248,QUICK-START,MAIN,JSDOC,N/A," * @param {Array} arr",""
1093,249,QUICK-START,MAIN,JSDOC,N/A," * @property {string} value ",""
1094,250,QUICK-START,MAIN,JSDOC,N/A," * @property {string} count ",""
1095,251,QUICK-START,MAIN,JSDOC,N/A," * @returns {Object[]}",""
1096,252,QUICK-START,MAIN,JSDOC_END,N/A," */",""
1097,253,QUICK-START,MAIN,BLANK,N/A,N/A,""
1098,254,QUICK-START,MAIN,FUNC_START,N/A,"function countOfValuesInArray(arr) {",""
1099,255,QUICK-START,MAIN,FUNC,N/A,"    var result = [];",""
1100,256,QUICK-START,MAIN,FUNC,N/A,"    var copy = arr.slice(0);",""
1101,257,QUICK-START,MAIN,FUNC,N/A,"    for (var i = 0; i < arr.length; i++) {",""
1102,258,QUICK-START,MAIN,FUNC,N/A,"        var myCount = 0;",""
1103,259,QUICK-START,MAIN,FUNC,N/A,"        for (var w = 0; w < copy.length; w++) {",""
1104,260,QUICK-START,MAIN,FUNC,N/A,"            if (arr[i] == copy[w]) {",""
1105,261,QUICK-START,MAIN,FUNC,N/A,"                myCount++;",""
1106,262,QUICK-START,MAIN,FUNC,N/A,"                delete copy[w];",""
1107,263,QUICK-START,MAIN,FUNC,N/A,"            }",""
1108,264,QUICK-START,MAIN,FUNC,N/A,"        }",""
1109,265,QUICK-START,MAIN,FUNC,N/A,"        if (myCount > 0) {",""
1110,266,QUICK-START,MAIN,FUNC,N/A,"            var obj = {};",""
1111,267,QUICK-START,MAIN,FUNC,N/A,"            obj.value = arr[i];",""
1112,268,QUICK-START,MAIN,FUNC,N/A,"            obj.count = myCount;",""
1113,269,QUICK-START,MAIN,FUNC,N/A,"            result.push(obj);",""
1114,270,QUICK-START,MAIN,FUNC,N/A,"        }",""
1115,271,QUICK-START,MAIN,FUNC,N/A,"    }",""
1116,272,QUICK-START,MAIN,FUNC,N/A,"    return result;",""
1117,273,QUICK-START,MAIN,FUNC_END,N/A,"}",""
1118,274,QUICK-START,MAIN,BLANK,N/A,N/A,""
1119,275,QUICK-START,MAIN,EX_START,N/A,"// Logger.log("countOfValuesInArray");",""
1120,276,QUICK-START,MAIN,EX,N/A,"// var arr_covia = ["a", "b", "c", "a", "b", "c", "a"];",""
1121,277,QUICK-START,MAIN,EX,N/A,"// Logger.log(countOfValuesInArray(arr_covia)); ",""
1122,278,QUICK-START,MAIN,EX_END,N/A,"// [{count=3.0, value=a}, {count=2.0, value=b}, {count=2.0, value=c}] //!EX",""
1123,279,QUICK-START,MAIN,BLANK,N/A,N/A,""
1124,280,QUICK-START,MAIN,LINK,--,"// -- Intersect of Two Arrays",""
1125,281,QUICK-START,MAIN,BLANK,N/A,N/A,""
1126,282,QUICK-START,MAIN,JSDOC_START,N/A,"/**",""
1127,283,QUICK-START,MAIN,JSDOC,N/A," * Returns an array containing the elements found in both arrays.",""
1128,284,QUICK-START,MAIN,JSDOC,N/A," *",""
1129,285,QUICK-START,MAIN,JSDOC,N/A," * @param {Array} arrA",""
1130,286,QUICK-START,MAIN,JSDOC,N/A," * @param {Array} arrB",""
1131,287,QUICK-START,MAIN,JSDOC,N/A," * @returns {Array}",""
1132,288,QUICK-START,MAIN,JSDOC_END,N/A," */",""
1133,289,QUICK-START,MAIN,BLANK,N/A,N/A,""
1134,290,QUICK-START,MAIN,FUNC_START,N/A,"function intersectOfTwoArrays(arrA, arrB) {",""
1135,291,QUICK-START,MAIN,FUNC,N/A,"    var result = [];",""
1136,292,QUICK-START,MAIN,FUNC,N/A,"    var a = 0;",""
1137,293,QUICK-START,MAIN,FUNC,N/A,"    var b = 0;",""
1138,294,QUICK-START,MAIN,FUNC,N/A,"    while (a < arrA.length && b < arrB.length) {",""
1139,295,QUICK-START,MAIN,FUNC,N/A,"        if (arrA[a] < arrB[b]) {",""
1140,296,QUICK-START,MAIN,FUNC,N/A,"            a++;",""
1141,297,QUICK-START,MAIN,FUNC,N/A,"        } else if (arrA[a] > arrB[b]) {",""
1142,298,QUICK-START,MAIN,FUNC,N/A,"            b++;",""
1143,299,QUICK-START,MAIN,FUNC,N/A,"        } else {",""
1144,300,QUICK-START,MAIN,FUNC,N/A,"            result.push(arrA[a]);",""
1145,301,QUICK-START,MAIN,FUNC,N/A,"            a++;",""
1146,302,QUICK-START,MAIN,FUNC,N/A,"            b++;",""
1147,303,QUICK-START,MAIN,FUNC,N/A,"        }",""
1148,304,QUICK-START,MAIN,FUNC,N/A,"    }",""
1149,305,QUICK-START,MAIN,FUNC,N/A,"    return result;",""
1150,306,QUICK-START,MAIN,FUNC_END,N/A,"}",""
1151,307,QUICK-START,MAIN,BLANK,N/A,N/A,""
1152,308,QUICK-START,MAIN,EX_START,N/A,"// Logger.log("intersectOfTwoArrays");",""
1153,309,QUICK-START,MAIN,EX,N/A,"// var arrA_iota = [1, 2, 3];",""
1154,310,QUICK-START,MAIN,EX,N/A,"// var arrB_iota = [3, 4, 5];",""
1155,311,QUICK-START,MAIN,EX_END,N/A,"// Logger.log(intersectOfTwoArrays(arrA_iota, arrB_iota)); // [3] //!EX",""
1156,312,QUICK-START,MAIN,BLANK,N/A,N/A,""
1157,313,QUICK-START,MAIN,LINK,--,"// -- Compare Two Arrays ",""
1158,314,QUICK-START,MAIN,BLANK,N/A,N/A,""
1159,315,QUICK-START,MAIN,JSDOC_START,N/A,"/**",""
1160,316,QUICK-START,MAIN,JSDOC,N/A," * Returns true if both arrays contain the same elements in the same order.",""
1161,317,QUICK-START,MAIN,JSDOC,N/A," *",""
1162,318,QUICK-START,MAIN,JSDOC,N/A," * @param {Array} arrA",""
1163,319,QUICK-START,MAIN,JSDOC,N/A," * @param {Array} arrB",""
1164,320,QUICK-START,MAIN,JSDOC,N/A," * @returns {boolean}",""
1165,321,QUICK-START,MAIN,JSDOC_END,N/A," */",""
1166,322,QUICK-START,MAIN,BLANK,N/A,N/A,""
1167,323,QUICK-START,MAIN,FUNC_START,N/A,"function compareTwoArrays(arrA, arrB) {",""
1168,324,QUICK-START,MAIN,FUNC,N/A,"    if (arrA.length !== arrB.length) {",""
1169,325,QUICK-START,MAIN,FUNC,N/A,"        return false;",""
1170,326,QUICK-START,MAIN,FUNC,N/A,"    }",""
1171,327,QUICK-START,MAIN,FUNC,N/A,N/A,""
1172,328,QUICK-START,MAIN,FUNC,N/A,"    for (var i = arrA.length; i--;) {",""
1173,329,QUICK-START,MAIN,FUNC,N/A,"        if (arrA[i] !== arrB[i]) {",""
1174,330,QUICK-START,MAIN,FUNC,N/A,"            return false;",""
1175,331,QUICK-START,MAIN,FUNC,N/A,"        }",""
1176,332,QUICK-START,MAIN,FUNC,N/A,"    }",""
1177,333,QUICK-START,MAIN,FUNC,N/A,"    return true;",""
1178,334,QUICK-START,MAIN,FUNC_END,N/A,"}",""
1179,335,QUICK-START,MAIN,BLANK,N/A,N/A,""
1180,336,QUICK-START,MAIN,EX_START,N/A,"// Logger.log("compareTwoArrays");",""
1181,337,QUICK-START,MAIN,EX,N/A,"// var arrA_cta = [1, 2, 3, 4, 5];",""
1182,338,QUICK-START,MAIN,EX,N/A,"// var arrB_cta = [1, 2, 3, 4, 5];",""
1183,339,QUICK-START,MAIN,EX,N/A,"// var arrC_cta = [5, 4, 3, 2, 1];",""
1184,340,QUICK-START,MAIN,EX,N/A,"// Logger.log(compareTwoArrays(arrA_cta, arrB_cta)); // true",""
1185,341,QUICK-START,MAIN,EX_END,N/A,"// Logger.log(compareTwoArrays(arrA_cta, arrC_cta)); // false //!EX",""
1186,342,QUICK-START,MAIN,BLANK,N/A,N/A,""
1187,343,QUICK-START,MAIN,LINK,--,"// -- Array as Delimited String",""
1188,344,QUICK-START,MAIN,BLANK,N/A,N/A,""
1189,345,QUICK-START,MAIN,JSDOC_START,N/A,"/**",""
1190,346,QUICK-START,MAIN,JSDOC,N/A," * Returns a string of array values. ",""
1191,347,QUICK-START,MAIN,JSDOC,N/A," * Elements are separated by a delimiter and a space.",""
1192,348,QUICK-START,MAIN,JSDOC,N/A," *",""
1193,349,QUICK-START,MAIN,JSDOC,N/A," * @param {Array} arr",""
1194,350,QUICK-START,MAIN,JSDOC,N/A," * @param {string} delim",""
1195,351,QUICK-START,MAIN,JSDOC,N/A," * @returns {string}",""
1196,352,QUICK-START,MAIN,JSDOC_END,N/A," */",""
1197,353,QUICK-START,MAIN,BLANK,N/A,N/A,""
1198,354,QUICK-START,MAIN,FUNC_START,N/A,"function arrayAsDelimitedString(arr, delim) {",""
1199,355,QUICK-START,MAIN,FUNC,N/A,"    var result = "";",""
1200,356,QUICK-START,MAIN,FUNC,N/A,"    var copy = removeDuplicatesFromArray(arr);",""
1201,357,QUICK-START,MAIN,FUNC,N/A,"    for (var i = 0; i < copy.length; i++) {",""
1202,358,QUICK-START,MAIN,FUNC,N/A,"        if (i < copy.length) {",""
1203,359,QUICK-START,MAIN,FUNC,N/A,"            result += copy[i] + delim + " ";",""
1204,360,QUICK-START,MAIN,FUNC,N/A,"        } else if (i === copy.length) {",""
1205,361,QUICK-START,MAIN,FUNC,N/A,"            result += copy[i];",""
1206,362,QUICK-START,MAIN,FUNC,N/A,"        }",""
1207,363,QUICK-START,MAIN,FUNC,N/A,"    }",""
1208,364,QUICK-START,MAIN,FUNC,N/A,"    return result;",""
1209,365,QUICK-START,MAIN,FUNC_END,N/A,"}",""
1210,366,QUICK-START,MAIN,BLANK,N/A,N/A,""
1211,367,QUICK-START,MAIN,EX_START,N/A,"// Logger.log("arrayAsDelimitedString");",""
1212,368,QUICK-START,MAIN,EX,N/A,"// var arr_da = ["c@example.com", "b@example.com", "a@example.com"];",""
1213,369,QUICK-START,MAIN,EX,N/A,"// Logger.log(arrayAsDelimitedString(arr_da, ",")); ",""
1214,370,QUICK-START,MAIN,EX_END,N/A,"// // "c@example.com, b@example.com, a@example.com" //!EX",""
1215,371,QUICK-START,MAIN,BLANK,N/A,N/A,""
1216,372,QUICK-START,MAIN,LINK,--,"// -- Array as Modified Delimited String",""
1217,373,QUICK-START,MAIN,BLANK,N/A,N/A,""
1218,374,QUICK-START,MAIN,JSDOC_START,N/A,"/**",""
1219,375,QUICK-START,MAIN,JSDOC,N/A," * Returns a string of array values.",""
1220,376,QUICK-START,MAIN,JSDOC,N/A," * Elements are separated by a delimiter and a space, each followed by a modification.",""
1221,377,QUICK-START,MAIN,JSDOC,N/A," *",""
1222,378,QUICK-START,MAIN,JSDOC,N/A," * @param {Array} arr",""
1223,379,QUICK-START,MAIN,JSDOC,N/A," * @param {string} delim",""
1224,380,QUICK-START,MAIN,JSDOC,N/A," * @param {string} mod Modification to append to each item in the array.",""
1225,381,QUICK-START,MAIN,JSDOC,N/A," * @returns {string}",""
1226,382,QUICK-START,MAIN,JSDOC_END,N/A," */",""
1227,383,QUICK-START,MAIN,BLANK,N/A,N/A,""
1228,384,QUICK-START,MAIN,FUNC_START,N/A,"function arrayAsModifiedDelimitedString(arr, delim, mod) {",""
1229,385,QUICK-START,MAIN,FUNC,N/A,"    var result = "";",""
1230,386,QUICK-START,MAIN,FUNC,N/A,"    var copy = removeDuplicatesFromArray(arr);",""
1231,387,QUICK-START,MAIN,FUNC,N/A,"    for (var i = 0; i < copy.length; i++) {",""
1232,388,QUICK-START,MAIN,FUNC,N/A,"        if (i < copy.length) {",""
1233,389,QUICK-START,MAIN,FUNC,N/A,"            result += copy[i] + mod + delim + " ";",""
1234,390,QUICK-START,MAIN,FUNC,N/A,"        } else if (i === copy.length) {",""
1235,391,QUICK-START,MAIN,FUNC,N/A,"            result += copy[i] + mod + delim;",""
1236,392,QUICK-START,MAIN,FUNC,N/A,"        }",""
1237,393,QUICK-START,MAIN,FUNC,N/A,"    }",""
1238,394,QUICK-START,MAIN,FUNC,N/A,"    return result;",""
1239,395,QUICK-START,MAIN,FUNC_END,N/A,"}",""
1240,396,QUICK-START,MAIN,BLANK,N/A,N/A,""
1241,397,QUICK-START,MAIN,EX_START,N/A,"Logger.log("arrayAsModifiedDelimitedString");",""
1242,398,QUICK-START,MAIN,EX,N/A,"var arr_aamds = ["x", "z", "y"];",""
1243,399,QUICK-START,MAIN,EX,N/A,"Logger.log(arrayAsModifiedDelimitedString(arr_aamds, ",", "@example.com")); ",""
1244,400,QUICK-START,MAIN,EX_END,N/A,"// "x@example.com, y@example.com, z@example.com" //!EX",""
1245,401,QUICK-START,MAIN,BLANK,N/A,N/A,""
1246,402,QUICK-START,MAIN,LINK,-,"// - Two Dimensional Array",""
1247,403,QUICK-START,MAIN,BLANK,N/A,N/A,""
1248,404,QUICK-START,MAIN,JSDOC_START,N/A,"/**",""
1249,405,QUICK-START,MAIN,JSDOC,N/A," * Returns an array containing all values in a two dimensional array.",""
1250,406,QUICK-START,MAIN,JSDOC,N/A," *",""
1251,407,QUICK-START,MAIN,JSDOC,N/A," * @param {Array[]} arr",""
1252,408,QUICK-START,MAIN,JSDOC,N/A," * @returns {Array} ",""
1253,409,QUICK-START,MAIN,JSDOC_END,N/A," */",""
1254,410,QUICK-START,MAIN,BLANK,N/A,N/A,""
1255,411,QUICK-START,MAIN,FUNC_START,N/A,"function flattenTwoDimensionalArray(arr) {",""
1256,412,QUICK-START,MAIN,FUNC_START,N/A,"    var result = arr.reduce(function(a, b) {",""
1257,413,QUICK-START,MAIN,FUNC,N/A,"        return a.concat(b);",""
1258,414,QUICK-START,MAIN,FUNC,N/A,"    });",""
1259,415,QUICK-START,MAIN,FUNC,N/A,"    return result;",""
1260,416,QUICK-START,MAIN,FUNC_END,N/A,"}",""
1261,417,QUICK-START,MAIN,BLANK,N/A,N/A,""
1262,418,QUICK-START,MAIN,EX_START,N/A,"// Logger.log("flattenTwoDimensionalArray");",""
1263,419,QUICK-START,MAIN,EX,N/A,"// var sheet_ftda = SpreadsheetApp.getActiveSpreadsheet().getSheetByName("Sheet1");",""
1264,420,QUICK-START,MAIN,EX,N/A,"// var val_ftda   = sheet_ftda.getRange("G2:H5").getValues();",""
1265,421,QUICK-START,MAIN,EX,N/A,"// Logger.log(flattenTwoDimensionalArray(val_ftda).sort()); ",""
1266,422,QUICK-START,MAIN,EX_END,N/A,"// [1, 2, 3, 4, 5, 6, 7, 8] //!EX",""
